Period start,Period end,Region ID,Region,Est. Total consumption (GWh),Est. Total demand (GWh),Est. proportion of regional demand,Est. proportion of national demand,Average consumption (kWh),Average daily consumption (kWh),5th percentile (kWh),25th percentile (kWh),50th percentile (kWh),75th percentile (kWh),95th percentile (kWh),Coverage %
01/01/2010,31/01/2010,CNI,Central North Island,177.005,189.329,27.355,5.932,487,15.7,119,279,430,624,1037,93.12
01/02/2010,28/02/2010,CNI,Central North Island,162.780,174.114,26.791,5.758,447,16.0,118,259,396,570,944,93.08
01/03/2010,31/03/2010,CNI,Central North Island,182.505,195.212,26.580,5.744,501,16.2,128,291,446,642,1060,93.11
01/04/2010,30/04/2010,CNI,Central North Island,188.663,201.800,28.522,6.196,518,17.3,127,299,462,668,1103,93.27
01/05/2010,31/05/2010,CNI,Central North Island,222.647,238.149,31.442,6.752,611,19.7,125,342,542,796,1336,93.18
01/06/2010,30/06/2010,CNI,Central North Island,248.123,265.399,35.186,7.261,680,22.7,120,370,596,890,1530,93.28
01/07/2010,31/07/2010,CNI,Central North Island,272.628,291.611,36.291,7.567,747,24.1,127,399,649,979,1697,93.25
01/08/2010,31/08/2010,CNI,Central North Island,271.548,290.455,36.494,7.693,744,24.0,125,394,640,968,1710,93.21
01/09/2010,30/09/2010,CNI,Central North Island,244.375,261.390,34.386,7.446,669,22.3,124,360,579,867,1511,93.22
01/10/2010,31/10/2010,CNI,Central North Island,219.639,234.932,31.127,6.781,601,19.4,120,329,524,777,1338,92.17
01/11/2010,30/11/2010,CNI,Central North Island,191.727,205.076,28.517,6.164,525,17.5,124,297,463,679,1147,83.78
01/12/2010,31/12/2010,CNI,Central North Island,178.200,190.608,26.896,5.746,487,15.7,115,276,430,629,1047,92.93
01/01/2011,31/01/2011,CNI,Central North Island,175.207,187.406,26.283,5.807,479,15.5,114,274,424,616,1025,93.21
01/02/2011,28/02/2011,CNI,Central North Island,161.725,172.985,26.182,5.694,442,15.8,110,254,391,566,938,92.81
01/03/2011,31/03/2011,CNI,Central North Island,181.225,193.843,26.725,5.857,495,16.0,122,288,441,636,1044,93.20
01/04/2011,30/04/2011,CNI,Central North Island,191.029,204.329,28.265,6.240,521,17.4,125,300,466,675,1107,93.23
01/05/2011,31/05/2011,CNI,Central North Island,217.936,233.110,31.087,6.663,595,19.2,126,335,527,775,1293,92.96
01/06/2011,30/06/2011,CNI,Central North Island,237.350,253.876,33.545,7.151,647,21.6,125,354,569,845,1446,85.72
01/07/2011,31/07/2011,CNI,Central North Island,265.914,284.429,34.983,7.417,725,23.4,138,394,632,946,1628,93.01
01/08/2011,31/08/2011,CNI,Central North Island,271.433,290.332,35.597,7.518,740,23.9,135,398,641,964,1676,93.18
01/09/2011,30/09/2011,CNI,Central North Island,236.902,253.396,33.198,7.168,646,21.5,127,356,564,835,1433,93.14
01/10/2011,31/10/2011,CNI,Central North Island,213.567,228.437,30.902,6.703,581,18.8,126,325,510,751,1271,93.23
01/11/2011,30/11/2011,CNI,Central North Island,186.100,199.058,28.353,6.110,506,16.9,119,287,447,652,1089,93.39
01/12/2011,31/12/2011,CNI,Central North Island,188.827,201.975,29.123,6.210,513,16.5,134,294,451,655,1096,93.38
01/01/2012,31/01/2012,CNI,Central North Island,178.270,190.683,27.861,5.930,493,15.9,136,292,441,631,1028,93.58
01/02/2012,29/02/2012,CNI,Central North Island,167.104,178.739,26.941,5.804,462,15.9,127,271,412,592,968,93.61
01/03/2012,31/03/2012,CNI,Central North Island,182.801,195.528,27.652,5.990,505,16.3,131,296,453,652,1058,93.69
01/04/2012,30/04/2012,CNI,Central North Island,187.583,200.643,28.240,6.297,518,17.3,131,301,465,671,1091,93.83
01/05/2012,31/05/2012,CNI,Central North Island,226.917,242.717,32.025,6.801,627,20.2,134,355,558,817,1354,93.89
01/06/2012,30/06/2012,CNI,Central North Island,253.844,271.518,35.248,7.480,701,23.4,139,384,613,916,1564,93.85
01/07/2012,31/07/2012,CNI,Central North Island,273.598,292.648,36.254,7.767,756,24.4,143,411,658,988,1694,93.88
01/08/2012,31/08/2012,CNI,Central North Island,255.136,272.901,34.151,7.438,704,22.7,133,385,616,918,1574,93.85
01/09/2012,30/09/2012,CNI,Central North Island,226.347,242.107,32.496,7.096,625,20.8,126,346,549,812,1375,93.52
01/10/2012,31/10/2012,CNI,Central North Island,213.120,227.958,30.649,6.693,588,19.0,129,329,519,763,1280,93.74
01/11/2012,30/11/2012,CNI,Central North Island,186.564,199.554,28.330,6.157,514,17.1,120,293,457,665,1101,93.70
01/12/2012,31/12/2012,CNI,Central North Island,184.259,197.088,28.605,6.050,507,16.4,134,292,447,651,1082,90.47
01/01/2013,31/01/2013,CNI,Central North Island,173.844,185.948,27.250,5.756,479,15.4,134,283,426,609,996,94.04
01/02/2013,28/02/2013,CNI,Central North Island,155.746,166.590,26.719,5.540,428,15.3,119,252,380,545,897,93.75
01/03/2013,31/03/2013,CNI,Central North Island,173.227,185.288,27.381,5.687,476,15.3,126,279,425,610,992,93.82
01/04/2013,30/04/2013,CNI,Central North Island,182.417,195.118,29.873,6.223,501,16.7,128,292,449,645,1047,93.82
01/05/2013,31/05/2013,CNI,Central North Island,217.385,232.521,33.214,6.706,596,19.2,130,341,531,774,1280,93.77
01/06/2013,30/06/2013,CNI,Central North Island,246.464,263.625,36.223,7.432,675,22.5,137,373,592,879,1496,93.57
01/07/2013,31/07/2013,CNI,Central North Island,264.844,283.285,37.025,7.684,725,23.4,141,396,633,944,1618,93.48
01/08/2013,31/08/2013,CNI,Central North Island,251.787,269.318,36.031,7.519,683,22.0,134,375,594,884,1522,92.74
01/09/2013,30/09/2013,CNI,Central North Island,225.184,240.863,33.990,7.067,610,20.3,126,339,535,789,1336,92.60
01/10/2013,31/10/2013,CNI,Central North Island,206.798,221.197,31.370,6.621,560,18.1,126,315,493,726,1213,92.59
01/11/2013,30/11/2013,CNI,Central North Island,181.793,194.450,29.053,5.992,492,16.4,116,280,436,636,1054,92.49
01/12/2013,31/12/2013,CNI,Central North Island,179.102,191.572,28.584,5.978,484,15.6,128,280,428,621,1024,91.66
01/01/2014,31/01/2014,CNI,Central North Island,186.671,199.668,29.628,6.195,504,16.3,133,289,439,636,1093,93.98
01/02/2014,28/02/2014,CNI,Central North Island,160.038,171.181,27.630,5.656,432,15.4,118,252,381,549,909,94.35
01/03/2014,31/03/2014,CNI,Central North Island,176.702,189.005,27.681,5.836,476,15.4,123,278,424,611,998,94.21
01/04/2014,30/04/2014,CNI,Central North Island,186.332,199.305,30.147,6.306,502,16.7,129,292,447,645,1056,94.37
01/05/2014,31/05/2014,CNI,Central North Island,224.958,240.621,33.803,6.952,605,19.5,131,341,534,786,1315,94.00
01/06/2014,30/06/2014,CNI,Central North Island,238.334,254.928,35.700,7.362,641,21.4,130,352,558,833,1427,94.14
01/07/2014,31/07/2014,CNI,Central North Island,268.098,286.765,37.419,7.616,720,23.2,136,393,628,939,1614,94.26
01/08/2014,31/08/2014,CNI,Central North Island,262.595,280.878,36.147,7.523,705,22.7,133,383,613,917,1582,94.14
01/09/2014,30/09/2014,CNI,Central North Island,225.914,241.644,33.779,7.039,605,20.2,128,337,531,784,1334,93.29
01/10/2014,31/10/2014,CNI,Central North Island,212.056,226.821,31.529,6.552,566,18.3,128,317,496,730,1240,93.80
01/11/2014,30/11/2014,CNI,Central North Island,195.388,208.993,31.066,6.282,521,17.4,121,294,458,672,1131,93.79
01/12/2014,31/12/2014,CNI,Central North Island,187.702,200.771,29.739,6.068,500,16.1,127,285,439,639,1070,91.76
01/01/2015,31/01/2015,CNI,Central North Island,173.863,185.968,27.257,5.603,463,15.0,127,272,410,589,976,93.21
01/02/2015,28/02/2015,CNI,Central North Island,158.703,169.753,27.249,5.559,423,15.1,116,247,374,538,889,93.12
01/03/2015,31/03/2015,CNI,Central North Island,177.669,190.040,27.332,5.714,473,15.3,123,276,422,608,993,93.03
01/04/2015,30/04/2015,CNI,Central North Island,192.708,206.126,30.594,6.398,513,17.1,132,299,458,661,1080,93.17
01/05/2015,31/05/2015,CNI,Central North Island,232.534,248.725,34.116,7.064,618,19.9,135,350,548,803,1343,93.39
01/06/2015,30/06/2015,CNI,Central North Island,253.992,271.676,37.315,7.551,675,22.5,135,372,590,879,1504,93.35
01/07/2015,31/07/2015,CNI,Central North Island,283.465,303.202,38.353,7.929,752,24.3,146,410,654,983,1689,93.37
01/08/2015,31/08/2015,CNI,Central North Island,269.495,288.259,36.680,7.610,715,23.1,140,391,622,933,1600,93.38
01/09/2015,30/09/2015,CNI,Central North Island,236.505,252.972,34.464,7.144,627,20.9,132,347,547,812,1388,93.32
01/10/2015,31/10/2015,CNI,Central North Island,207.671,222.130,31.121,6.421,550,17.7,132,311,483,708,1196,93.24
01/11/2015,30/11/2015,CNI,Central North Island,190.007,203.237,30.068,6.077,503,16.8,123,287,445,648,1079,93.19
01/12/2015,31/12/2015,CNI,Central North Island,184.325,197.159,28.367,5.887,488,15.7,135,284,432,624,1029,93.17
01/01/2016,31/01/2016,CNI,Central North Island,181.063,193.669,28.016,5.970,479,15.5,136,281,422,606,1018,94.22
01/02/2016,29/02/2016,CNI,Central North Island,168.774,180.525,27.853,5.744,447,15.4,125,260,392,564,952,94.48
01/03/2016,31/03/2016,CNI,Central North Island,180.728,193.311,27.719,5.789,478,15.4,131,278,422,609,1013,94.78
01/04/2016,30/04/2016,CNI,Central North Island,191.933,205.297,30.365,6.440,507,16.9,132,294,449,649,1080,94.39
01/05/2016,31/05/2016,CNI,Central North Island,218.887,234.128,32.988,6.804,578,18.7,132,328,509,744,1254,94.56
01/06/2016,30/06/2016,CNI,Central North Island,252.371,269.943,36.679,7.670,666,22.2,141,370,583,863,1469,94.74
01/07/2016,31/07/2016,CNI,Central North Island,281.708,301.322,38.219,8.066,742,23.9,148,404,642,964,1667,94.48
01/08/2016,31/08/2016,CNI,Central North Island,278.297,297.674,37.270,7.772,732,23.6,142,397,634,952,1650,94.38
01/09/2016,30/09/2016,CNI,Central North Island,235.368,251.756,34.713,7.274,619,20.6,135,345,542,801,1360,94.30
01/10/2016,31/10/2016,CNI,Central North Island,218.307,233.507,32.695,6.969,573,18.5,137,322,500,736,1255,93.14
01/11/2016,30/11/2016,CNI,Central North Island,191.612,204.954,30.311,6.349,503,16.8,129,286,440,644,1090,92.87
01/12/2016,31/12/2016,CNI,Central North Island,189.866,203.086,29.996,6.217,497,16.0,137,285,432,627,1063,91.54
01/01/2017,31/01/2017,CNI,Central North Island,180.229,192.778,28.436,5.922,472,15.2,136,278,415,596,990,95.26
01/02/2017,28/02/2017,CNI,Central North Island,163.218,174.582,27.798,5.690,426,15.2,120,249,376,539,895,95.09
01/03/2017,31/03/2017,CNI,Central North Island,179.977,192.508,27.574,5.794,470,15.2,124,274,418,603,987,95.16
01/04/2017,30/04/2017,CNI,Central North Island,190.896,204.188,29.978,6.390,498,16.6,131,291,444,641,1046,95.13
01/05/2017,31/05/2017,CNI,Central North Island,240.026,256.738,33.801,7.103,625,20.2,139,353,552,810,1358,95.13
01/06/2017,30/06/2017,CNI,Central North Island,263.707,282.069,38.142,7.835,686,22.9,144,378,597,892,1524,95.03
01/07/2017,31/07/2017,CNI,Central North Island,289.444,309.597,39.245,8.071,752,24.2,151,412,655,980,1674,94.99
01/08/2017,31/08/2017,CNI,Central North Island,266.630,285.195,36.283,7.620,692,22.3,139,381,602,899,1535,94.74
01/09/2017,30/09/2017,CNI,Central North Island,235.145,251.517,34.282,7.261,609,20.3,134,341,533,788,1338,94.43
01/10/2017,31/10/2017,CNI,Central North Island,214.372,229.298,31.913,6.767,555,17.9,136,314,486,714,1203,94.54
01/11/2017,30/11/2017,CNI,Central North Island,188.380,201.496,29.578,6.032,487,16.2,127,279,429,624,1043,94.34
01/12/2017,31/12/2017,CNI,Central North Island,182.090,194.769,28.552,5.827,470,15.2,132,273,412,597,998,92.17
01/01/2018,31/01/2018,CNI,Central North Island,182.611,195.326,28.279,5.918,472,15.2,134,278,417,598,987,94.47
01/02/2018,28/02/2018,CNI,Central North Island,166.176,177.746,28.179,5.948,429,15.3,119,250,378,545,906,94.82
01/03/2018,31/03/2018,CNI,Central North Island,180.913,193.509,27.635,5.956,467,15.1,127,272,414,597,984,95.71
01/04/2018,30/04/2018,CNI,Central North Island,197.099,210.823,29.720,6.431,508,16.9,131,294,451,654,1076,95.21
01/05/2018,31/05/2018,CNI,Central North Island,236.309,252.763,32.845,7.019,608,19.6,134,343,536,788,1327,94.95
01/06/2018,30/06/2018,CNI,Central North Island,280.457,299.984,38.857,8.075,721,24.0,146,394,627,939,1609,94.95
01/07/2018,31/07/2018,CNI,Central North Island,296.869,317.539,39.423,8.284,763,24.6,150,414,661,993,1711,95.08
01/08/2018,31/08/2018,CNI,Central North Island,275.787,294.989,36.743,7.781,708,22.8,141,387,615,919,1576,95.31
01/09/2018,30/09/2018,CNI,Central North Island,236.482,252.948,34.076,7.208,606,20.2,133,337,529,784,1335,95.17
01/10/2018,31/10/2018,CNI,Central North Island,208.318,222.822,31.402,6.431,533,17.2,131,301,467,685,1154,94.90
01/11/2018,30/11/2018,CNI,Central North Island,188.157,201.258,29.902,6.189,480,16.0,121,274,422,616,1033,94.52
01/12/2018,31/12/2018,CNI,Central North Island,185.363,198.269,29.143,6.213,472,15.2,134,274,414,601,1004,94.71
01/01/2019,31/01/2019,CNI,Central North Island,184.993,197.874,28.310,5.882,471,15.2,136,277,415,597,995,94.57
01/02/2019,28/02/2019,CNI,Central North Island,164.176,175.607,27.782,5.613,418,14.9,117,243,367,531,889,94.50
01/03/2019,31/03/2019,CNI,Central North Island,181.698,194.349,27.607,5.779,462,14.9,124,268,408,592,982,93.51
01/04/2019,30/04/2019,CNI,Central North Island,197.236,210.969,30.125,6.420,501,16.7,132,288,441,643,1075,94.13
01/05/2019,31/05/2019,CNI,Central North Island,235.180,251.555,34.003,7.130,597,19.3,136,335,524,775,1305,94.36
01/06/2019,30/06/2019,CNI,Central North Island,272.687,291.673,39.386,8.003,691,23.0,144,380,604,904,1539,92.69
01/07/2019,31/07/2019,CNI,Central North Island,288.255,308.325,39.305,8.128,730,23.6,148,400,635,953,1626,95.19
01/08/2019,31/08/2019,CNI,Central North Island,282.093,301.734,37.730,7.771,714,23.0,142,389,620,933,1599,94.30
01/09/2019,30/09/2019,CNI,Central North Island,250.850,268.316,36.024,7.547,634,21.1,135,345,545,819,1428,94.98
01/10/2019,31/10/2019,CNI,Central North Island,221.088,236.482,32.461,6.725,558,18.0,136,313,486,719,1222,94.96
01/11/2019,30/11/2019,CNI,Central North Island,185.223,198.120,29.711,6.020,467,15.6,123,266,408,597,1009,94.86
01/12/2019,31/12/2019,CNI,Central North Island,185.629,198.554,29.154,5.929,467,15.1,131,269,409,598,991,91.78
01/01/2020,31/01/2020,CNI,Central North Island,185.370,198.277,29.028,5.845,467,15.1,133,273,411,593,989,92.61
01/02/2020,29/02/2020,CNI,Central North Island,171.685,183.639,27.620,5.717,432,14.9,121,248,377,550,929,92.60
01/03/2020,31/03/2020,CNI,Central North Island,191.505,204.839,29.994,6.213,484,15.6,122,278,428,623,1033,92.99
01/04/2020,30/04/2020,CNI,Central North Island,213.508,228.373,39.641,8.057,540,18.0,107,305,481,705,1170,92.94
01/05/2020,31/05/2020,CNI,Central North Island,254.704,272.438,36.133,7.766,643,20.7,139,362,567,836,1405,92.94
01/06/2020,30/06/2020,CNI,Central North Island,271.712,290.630,39.866,8.069,686,22.9,148,382,600,892,1509,92.86
01/07/2020,31/07/2020,CNI,Central North Island,309.107,330.630,41.163,8.510,779,25.1,169,431,680,1014,1724,92.65
01/08/2020,31/08/2020,CNI,Central North Island,288.363,308.441,38.806,8.232,726,23.4,154,400,631,943,1613,92.68
01/09/2020,30/09/2020,CNI,Central North Island,247.337,264.558,35.549,7.436,621,20.7,144,345,540,803,1375,92.58
01/10/2020,31/10/2020,CNI,Central North Island,216.431,231.501,32.457,6.569,543,17.5,142,308,473,696,1175,92.48
01/11/2020,30/11/2020,CNI,Central North Island,189.110,202.277,31.082,6.162,474,15.8,123,269,414,608,1024,92.52
01/12/2020,31/12/2020,CNI,Central North Island,190.322,203.574,30.196,6.132,476,15.4,138,274,415,604,1019,93.21
01/01/2021,31/01/2021,CNI,Central North Island,191.550,204.887,30.065,6.301,479,15.5,140,279,417,601,1010,79.46
01/02/2021,28/02/2021,CNI,Central North Island,168.980,180.746,28.977,5.897,422,15.1,118,243,369,536,909,92.78
01/03/2021,31/03/2021,CNI,Central North Island,189.059,202.223,28.890,6.005,472,15.2,126,270,414,604,1016,92.76
01/04/2021,30/04/2021,CNI,Central North Island,203.387,217.548,31.592,6.651,507,16.9,140,292,444,648,1082,92.72
01/05/2021,31/05/2021,CNI,Central North Island,257.024,274.920,36.208,7.609,639,20.6,148,358,557,826,1398,92.48
01/06/2021,30/06/2021,CNI,Central North Island,277.352,296.664,39.543,8.195,688,22.9,163,385,601,890,1509,92.05
01/07/2021,31/07/2021,CNI,Central North Island,321.911,344.325,43.110,8.804,797,25.7,176,438,692,1036,1767,92.27
01/08/2021,31/08/2021,CNI,Central North Island,306.973,328.346,44.082,8.790,760,24.5,145,414,662,994,1695,92.27
01/09/2021,30/09/2021,CNI,Central North Island,267.932,286.587,39.522,8.187,662,22.1,134,363,573,855,1463,92.12
01/10/2021,31/10/2021,CNI,Central North Island,228.073,243.953,35.305,7.139,564,18.2,130,316,492,728,1237,94.37
01/11/2021,30/11/2021,CNI,Central North Island,193.410,206.877,32.361,6.300,477,15.9,116,270,417,613,1036,94.15
01/12/2021,31/12/2021,CNI,Central North Island,197.684,211.448,31.761,6.505,487,15.7,140,279,423,617,1050,94.09
01/01/2022,31/01/2022,CNI,Central North Island,196.794,210.496,31.764,6.361,485,15.6,142,282,422,612,1039,94.95
01/02/2022,28/02/2022,CNI,Central North Island,178.549,190.981,31.060,6.378,439,15.7,119,250,382,560,954,94.84
01/03/2022,31/03/2022,CNI,Central North Island,195.908,209.548,30.810,6.307,482,15.5,125,272,420,618,1047,94.76
01/04/2022,30/04/2022,CNI,Central North Island,203.650,217.830,32.489,6.821,500,16.7,136,284,436,641,1084,94.73
01/05/2022,31/05/2022,CNI,Central North Island,249.098,266.442,36.836,7.598,611,19.7,138,338,532,795,1353,94.69
01/06/2022,30/06/2022,CNI,Central North Island,285.227,305.087,42.166,8.413,699,23.3,152,382,607,914,1560,94.60
01/07/2022,31/07/2022,CNI,Central North Island,307.940,329.381,42.717,8.517,754,24.3,155,409,655,988,1688,94.60
01/08/2022,31/08/2022,CNI,Central North Island,290.834,311.083,40.044,8.144,711,22.9,143,385,618,933,1592,94.44
01/09/2022,30/09/2022,CNI,Central North Island,259.108,277.149,37.732,7.795,633,21.1,137,345,549,825,1412,94.34
01/10/2022,31/10/2022,CNI,Central North Island,232.077,248.235,35.170,7.042,566,18.3,139,314,491,732,1249,94.33
01/11/2022,30/11/2022,CNI,Central North Island,193.883,207.383,32.499,6.410,473,15.8,116,263,410,609,1039,94.28
01/12/2022,31/12/2022,CNI,Central North Island,199.738,213.645,32.942,6.604,487,15.7,133,275,422,623,1060,94.39
01/01/2023,31/01/2023,CNI,Central North Island,201.289,215.304,33.267,6.585,491,15.8,146,282,426,622,1057,94.21
01/02/2023,28/02/2023,CNI,Central North Island,176.214,188.483,33.446,6.308,429,15.3,116,241,371,548,937,94.11
01/03/2023,31/03/2023,CNI,Central North Island,196.935,210.647,33.244,6.457,479,15.5,125,268,415,616,1051,94.13
01/04/2023,30/04/2023,CNI,Central North Island,209.067,223.624,35.018,7.028,509,17.0,135,286,443,655,1110,94.41
01/05/2023,31/05/2023,CNI,Central North Island,255.924,273.743,38.434,7.687,622,20.1,136,342,542,813,1378,94.36
01/06/2023,30/06/2023,CNI,Central North Island,294.775,315.299,44.820,8.668,715,23.8,148,384,619,938,1608,94.42
01/07/2023,31/07/2023,CNI,Central North Island,316.840,338.900,46.052,8.854,767,24.7,158,412,663,1007,1732,94.37
01/08/2023,31/08/2023,CNI,Central North Island,320.533,342.851,43.990,8.586,776,25.0,147,409,669,1024,1767,94.33
01/09/2023,30/09/2023,CNI,Central North Island,245.282,262.360,39.400,7.514,593,19.8,131,321,513,775,1328,94.28
01/10/2023,31/10/2023,CNI,Central North Island,225.282,240.967,35.654,6.945,544,17.6,131,299,470,706,1209,94.28
01/11/2023,30/11/2023,CNI,Central North Island,199.675,213.578,34.353,6.519,482,16.1,116,264,416,624,1074,94.16
01/12/2023,31/12/2023,CNI,Central North Island,203.496,217.665,33.881,6.526,490,15.8,132,274,423,628,1079,94.20
01/01/2024,31/01/2024,CNI,Central North Island,205.810,220.140,34.151,6.512,496,16.0,148,283,428,628,1080,95.02
01/02/2024,29/02/2024,CNI,Central North Island,185.521,198.438,32.327,6.152,447,15.4,123,249,384,569,988,94.85
01/03/2024,31/03/2024,CNI,Central North Island,204.164,218.379,33.200,6.435,491,15.8,133,272,423,629,1082,95.12
01/04/2024,30/04/2024,CNI,Central North Island,214.699,229.648,33.786,6.910,516,17.2,133,285,446,667,1142,95.11
01/05/2024,31/05/2024,CNI,Central North Island,278.935,298.357,38.748,7.860,670,21.6,139,356,576,878,1520,95.18
01/06/2024,30/06/2024,CNI,Central North Island,283.213,302.932,42.360,8.465,680,22.7,145,363,586,893,1535,94.76
01/01/2010,31/01/2010,LNI,Lower North Island,158.147,168.702,40.586,5.286,475,15.3,119,271,419,616,1029,68.26
01/02/2010,28/02/2010,LNI,Lower North Island,144.080,153.696,39.031,5.083,432,15.4,114,252,384,559,920,68.65
01/03/2010,31/03/2010,LNI,Lower North Island,163.344,174.246,38.838,5.127,490,15.8,131,288,438,635,1037,68.92
01/04/2010,30/04/2010,LNI,Lower North Island,174.786,186.452,42.316,5.725,524,17.5,140,306,468,680,1117,70.45
01/05/2010,31/05/2010,LNI,Lower North Island,209.621,223.612,45.232,6.340,628,20.3,158,363,561,828,1399,70.67
01/06/2010,30/06/2010,LNI,Lower North Island,243.776,260.046,48.904,7.114,730,24.3,173,411,650,982,1700,70.77
01/07/2010,31/07/2010,LNI,Lower North Island,272.414,290.596,51.664,7.541,815,26.3,185,453,725,1103,1936,70.95
01/08/2010,31/08/2010,LNI,Lower North Island,265.195,282.894,52.370,7.492,793,25.6,176,437,701,1067,1861,71.01
01/09/2010,30/09/2010,LNI,Lower North Island,233.169,248.731,50.037,7.085,698,23.3,160,389,615,929,1615,71.12
01/10/2010,31/10/2010,LNI,Lower North Island,207.438,221.283,46.784,6.387,620,20.0,144,347,547,820,1407,71.33
01/11/2010,30/11/2010,LNI,Lower North Island,176.231,187.993,43.204,5.650,527,17.6,122,293,457,681,1160,71.17
01/12/2010,31/12/2010,LNI,Lower North Island,156.766,167.228,38.946,5.042,468,15.1,119,270,415,610,1014,64.98
01/01/2011,31/01/2011,LNI,Lower North Island,149.981,159.991,38.540,4.958,448,14.5,105,256,397,581,962,71.57
01/02/2011,28/02/2011,LNI,Lower North Island,140.402,149.773,37.327,4.930,419,15.0,105,243,371,539,889,70.89
01/03/2011,31/03/2011,LNI,Lower North Island,162.954,173.829,38.616,5.252,487,15.7,130,288,437,631,1025,71.94
01/04/2011,30/04/2011,LNI,Lower North Island,179.636,191.625,42.030,5.852,536,17.9,143,315,482,706,1161,72.13
01/05/2011,31/05/2011,LNI,Lower North Island,212.848,227.054,46.684,6.490,635,20.5,162,371,569,838,1416,72.20
01/06/2011,30/06/2011,LNI,Lower North Island,230.933,246.346,48.654,6.939,689,23.0,166,381,597,890,1533,92.51
01/07/2011,31/07/2011,LNI,Lower North Island,258.921,276.202,49.830,7.203,773,24.9,179,419,664,1003,1751,93.78
01/08/2011,31/08/2011,LNI,Lower North Island,263.214,280.781,49.933,7.270,786,25.4,180,438,697,1056,1830,72.25
01/09/2011,30/09/2011,LNI,Lower North Island,232.121,247.614,50.081,7.004,693,23.1,167,391,612,919,1600,72.49
01/10/2011,31/10/2011,LNI,Lower North Island,207.594,221.449,47.243,6.498,619,20.0,149,351,547,817,1399,72.64
01/11/2011,30/11/2011,LNI,Lower North Island,176.484,188.262,43.302,5.778,526,17.5,124,296,460,682,1172,72.75
01/12/2011,31/12/2011,LNI,Lower North Island,165.201,176.227,41.904,5.418,492,15.9,119,280,431,633,1070,73.04
01/01/2012,31/01/2012,LNI,Lower North Island,155.267,165.630,40.343,5.151,466,15.0,117,270,413,601,994,72.94
01/02/2012,29/02/2012,LNI,Lower North Island,148.387,158.291,39.096,5.140,445,15.4,116,260,396,575,944,73.11
01/03/2012,31/03/2012,LNI,Lower North Island,166.790,177.922,39.821,5.451,500,16.1,135,298,451,654,1066,73.48
01/04/2012,30/04/2012,LNI,Lower North Island,176.929,188.738,43.459,5.923,531,17.7,144,315,480,697,1142,73.86
01/05/2012,31/05/2012,LNI,Lower North Island,213.522,227.773,44.098,6.382,640,20.7,156,369,576,856,1447,74.17
01/06/2012,30/06/2012,LNI,Lower North Island,241.150,257.245,48.701,7.086,723,24.1,167,406,645,978,1682,74.43
01/07/2012,31/07/2012,LNI,Lower North Island,257.305,274.478,50.381,7.285,772,24.9,179,431,686,1042,1807,74.69
01/08/2012,31/08/2012,LNI,Lower North Island,243.359,259.601,48.951,7.076,730,23.5,172,411,647,972,1676,74.82
01/09/2012,30/09/2012,LNI,Lower North Island,219.405,234.048,48.147,6.860,658,21.9,155,369,575,858,1471,74.84
01/10/2012,31/10/2012,LNI,Lower North Island,199.576,212.896,45.390,6.251,599,19.3,145,339,524,776,1317,74.68
01/11/2012,30/11/2012,LNI,Lower North Island,175.615,187.336,42.165,5.780,527,17.6,130,300,463,682,1151,74.78
01/12/2012,31/12/2012,LNI,Lower North Island,160.572,171.289,40.176,5.258,481,15.5,124,279,425,620,1036,74.91
01/01/2013,31/01/2013,LNI,Lower North Island,149.812,159.811,37.924,4.947,449,14.5,122,263,397,575,942,93.32
01/02/2013,28/02/2013,LNI,Lower North Island,136.481,145.590,37.020,4.842,409,14.6,116,242,363,521,848,89.85
01/03/2013,31/03/2013,LNI,Lower North Island,153.757,164.019,38.066,5.034,460,14.8,131,275,411,588,949,89.90
01/04/2013,30/04/2013,LNI,Lower North Island,169.168,180.458,41.792,5.756,506,16.9,142,300,451,650,1052,89.87
01/05/2013,31/05/2013,LNI,Lower North Island,208.090,221.978,44.965,6.402,621,20.0,161,359,549,803,1333,89.76
01/06/2013,30/06/2013,LNI,Lower North Island,239.240,255.207,49.433,7.195,714,23.8,174,398,621,928,1582,89.67
01/07/2013,31/07/2013,LNI,Lower North Island,256.058,273.147,50.879,7.409,763,24.6,180,421,662,993,1706,89.74
01/08/2013,31/08/2013,LNI,Lower North Island,235.861,251.603,49.117,7.024,699,22.6,167,389,609,908,1551,89.38
01/09/2013,30/09/2013,LNI,Lower North Island,212.477,226.658,46.258,6.650,630,21.0,155,354,549,815,1388,89.20
01/10/2013,31/10/2013,LNI,Lower North Island,193.444,206.355,43.954,6.177,574,18.5,147,328,504,742,1243,89.14
01/11/2013,30/11/2013,LNI,Lower North Island,165.441,176.483,41.130,5.438,491,16.4,131,284,431,630,1049,88.89
01/12/2013,31/12/2013,LNI,Lower North Island,154.950,165.292,39.129,5.158,459,14.8,126,268,405,588,969,88.23
01/01/2014,31/01/2014,LNI,Lower North Island,150.623,160.676,38.138,4.985,447,14.4,121,261,395,572,936,93.59
01/02/2014,28/02/2014,LNI,Lower North Island,138.484,147.726,37.219,4.881,410,14.7,116,241,364,524,853,93.53
01/03/2014,31/03/2014,LNI,Lower North Island,159.077,169.694,38.109,5.240,471,15.2,133,278,418,603,976,93.21
01/04/2014,30/04/2014,LNI,Lower North Island,172.069,183.553,42.069,5.808,509,17.0,142,299,452,652,1067,93.52
01/05/2014,31/05/2014,LNI,Lower North Island,208.077,221.965,45.126,6.413,615,19.8,157,352,541,794,1323,93.40
01/06/2014,30/06/2014,LNI,Lower North Island,225.018,240.036,48.614,6.932,665,22.2,164,372,579,860,1459,93.45
01/07/2014,31/07/2014,LNI,Lower North Island,253.355,270.265,49.054,7.178,748,24.1,175,412,648,972,1669,93.48
01/08/2014,31/08/2014,LNI,Lower North Island,250.039,266.727,48.800,7.144,737,23.8,171,403,636,957,1650,94.18
01/09/2014,30/09/2014,LNI,Lower North Island,211.386,225.495,46.510,6.569,622,20.7,152,347,539,802,1378,93.29
01/10/2014,31/10/2014,LNI,Lower North Island,191.802,204.603,43.752,5.910,564,18.2,143,319,491,725,1224,94.14
01/11/2014,30/11/2014,LNI,Lower North Island,169.310,180.610,41.288,5.429,498,16.6,129,285,436,638,1068,94.00
01/12/2014,31/12/2014,LNI,Lower North Island,163.637,174.559,40.857,5.276,481,15.5,124,275,421,617,1025,84.17
01/01/2015,31/01/2015,LNI,Lower North Island,144.360,153.994,36.703,4.640,424,13.7,118,249,375,540,889,93.80
01/02/2015,28/02/2015,LNI,Lower North Island,134.413,143.384,36.483,4.696,395,14.1,113,234,351,502,817,94.15
01/03/2015,31/03/2015,LNI,Lower North Island,154.827,165.160,37.359,4.966,455,14.7,128,270,406,582,940,94.21
01/04/2015,30/04/2015,LNI,Lower North Island,172.400,183.906,41.985,5.709,506,16.9,142,298,451,649,1056,94.26
01/05/2015,31/05/2015,LNI,Lower North Island,211.075,225.163,45.103,6.395,619,20.0,161,355,545,798,1331,94.30
01/06/2015,30/06/2015,LNI,Lower North Island,237.826,253.698,48.787,7.052,697,23.2,169,386,604,904,1542,94.25
01/07/2015,31/07/2015,LNI,Lower North Island,263.057,280.614,50.676,7.338,771,24.9,181,422,665,1003,1722,94.27
01/08/2015,31/08/2015,LNI,Lower North Island,248.955,265.570,48.601,7.011,729,23.5,170,399,629,948,1634,93.40
01/09/2015,30/09/2015,LNI,Lower North Island,220.654,235.381,46.425,6.647,646,21.5,157,359,560,835,1429,94.21
01/10/2015,31/10/2015,LNI,Lower North Island,191.879,204.686,44.029,5.917,561,18.1,147,319,490,722,1217,94.26
01/11/2015,30/11/2015,LNI,Lower North Island,173.695,185.288,42.040,5.541,508,16.9,135,290,443,648,1085,85.89
01/12/2015,31/12/2015,LNI,Lower North Island,160.988,171.733,39.975,5.128,471,15.2,133,275,415,603,996,94.79
01/01/2016,31/01/2016,LNI,Lower North Island,146.248,156.009,37.117,4.809,429,13.8,123,253,380,547,903,95.49
01/02/2016,29/02/2016,LNI,Lower North Island,134.924,143.929,34.937,4.579,396,13.6,117,235,350,503,830,95.17
01/03/2016,31/03/2016,LNI,Lower North Island,152.405,162.577,37.744,4.869,448,14.4,133,268,399,571,931,95.62
01/04/2016,30/04/2016,LNI,Lower North Island,163.789,174.720,40.994,5.480,481,16.0,140,285,427,613,998,95.58
01/05/2016,31/05/2016,LNI,Lower North Island,195.795,208.863,44.184,6.070,575,18.5,157,334,506,737,1219,95.60
01/06/2016,30/06/2016,LNI,Lower North Island,227.102,242.259,48.695,6.883,666,22.2,170,376,580,857,1454,95.59
01/07/2016,31/07/2016,LNI,Lower North Island,246.072,262.495,49.671,7.027,721,23.3,180,403,626,932,1590,95.62
01/08/2016,31/08/2016,LNI,Lower North Island,252.150,268.979,48.782,7.022,739,23.8,179,408,637,956,1642,95.61
01/09/2016,30/09/2016,LNI,Lower North Island,216.553,231.007,46.595,6.675,634,21.1,162,356,549,816,1392,95.45
01/10/2016,31/10/2016,LNI,Lower North Island,191.319,204.088,44.201,6.091,560,18.1,151,319,487,719,1209,94.81
01/11/2016,30/11/2016,LNI,Lower North Island,172.547,184.063,41.725,5.702,505,16.8,143,292,442,645,1075,95.35
01/12/2016,31/12/2016,LNI,Lower North Island,160.303,171.002,40.309,5.235,468,15.1,135,274,413,597,982,94.91
01/01/2017,31/01/2017,LNI,Lower North Island,150.704,160.762,37.891,4.938,440,14.2,128,260,389,562,916,95.47
01/02/2017,28/02/2017,LNI,Lower North Island,137.685,146.874,37.299,4.787,402,14.3,119,238,356,512,830,95.40
01/03/2017,31/03/2017,LNI,Lower North Island,157.910,168.449,38.325,5.070,460,14.9,134,273,410,590,951,95.40
01/04/2017,30/04/2017,LNI,Lower North Island,175.994,187.740,43.045,5.875,513,17.1,146,302,455,658,1074,95.40
01/05/2017,31/05/2017,LNI,Lower North Island,218.657,233.251,46.285,6.453,637,20.5,168,364,557,821,1372,95.40
01/06/2017,30/06/2017,LNI,Lower North Island,242.959,259.175,50.427,7.199,708,23.6,175,393,612,916,1563,95.59
01/07/2017,31/07/2017,LNI,Lower North Island,265.213,282.914,51.585,7.376,772,24.9,184,425,667,1004,1719,95.63
01/08/2017,31/08/2017,LNI,Lower North Island,241.087,257.177,48.366,6.872,701,22.6,173,389,606,909,1549,95.58
01/09/2017,30/09/2017,LNI,Lower North Island,210.807,224.876,46.007,6.492,613,20.4,158,346,532,789,1340,94.98
01/10/2017,31/10/2017,LNI,Lower North Island,184.370,196.675,43.037,5.804,536,17.3,147,308,467,686,1148,95.34
01/11/2017,30/11/2017,LNI,Lower North Island,156.094,166.512,38.812,4.985,454,15.1,133,264,397,577,958,95.34
01/12/2017,31/12/2017,LNI,Lower North Island,144.906,154.577,36.814,4.625,421,13.6,124,248,370,533,879,95.07
01/01/2018,31/01/2018,LNI,Lower North Island,143.012,152.557,35.905,4.622,415,13.4,123,247,368,527,860,92.66
01/02/2018,28/02/2018,LNI,Lower North Island,131.917,140.721,36.236,4.709,383,13.7,116,228,339,485,791,95.31
01/03/2018,31/03/2018,LNI,Lower North Island,153.407,163.646,38.163,5.037,445,14.4,133,265,395,568,919,95.86
01/04/2018,30/04/2018,LNI,Lower North Island,177.186,189.012,43.290,5.766,514,17.1,146,302,455,658,1078,95.85
01/05/2018,31/05/2018,LNI,Lower North Island,215.179,229.540,46.123,6.374,623,20.1,165,355,545,802,1349,95.24
01/06/2018,30/06/2018,LNI,Lower North Island,253.483,270.401,51.037,7.278,733,24.4,180,406,634,951,1623,95.14
01/07/2018,31/07/2018,LNI,Lower North Island,260.851,278.260,51.226,7.259,754,24.3,184,416,651,977,1669,95.61
01/08/2018,31/08/2018,LNI,Lower North Island,238.833,254.773,48.180,6.720,689,22.2,171,383,596,892,1521,95.57
01/09/2018,30/09/2018,LNI,Lower North Island,217.563,232.084,46.938,6.614,627,20.9,159,350,543,809,1381,95.54
01/10/2018,31/10/2018,LNI,Lower North Island,187.403,199.911,42.772,5.770,540,17.4,148,308,470,692,1165,95.48
01/11/2018,30/11/2018,LNI,Lower North Island,165.222,176.249,40.457,5.420,476,15.9,135,275,415,606,1015,95.41
01/12/2018,31/12/2018,LNI,Lower North Island,149.906,159.911,38.946,5.011,431,13.9,128,253,378,548,905,95.33
01/01/2019,31/01/2019,LNI,Lower North Island,144.608,154.259,36.435,4.586,416,13.4,124,246,366,528,866,93.72
01/02/2019,28/02/2019,LNI,Lower North Island,132.825,141.690,36.069,4.529,382,13.6,115,227,337,485,792,93.75
01/03/2019,31/03/2019,LNI,Lower North Island,151.682,161.805,37.509,4.811,436,14.1,131,259,386,556,903,93.79
01/04/2019,30/04/2019,LNI,Lower North Island,181.761,193.892,43.886,5.900,521,17.4,146,302,457,670,1116,93.71
01/05/2019,31/05/2019,LNI,Lower North Island,204.736,218.400,45.810,6.191,587,18.9,159,337,513,755,1266,93.94
01/06/2019,30/06/2019,LNI,Lower North Island,243.446,259.694,50.838,7.125,697,23.2,173,387,603,905,1548,93.93
01/07/2019,31/07/2019,LNI,Lower North Island,252.072,268.896,50.895,7.089,722,23.3,179,400,623,937,1599,95.95
01/08/2019,31/08/2019,LNI,Lower North Island,254.443,271.425,49.798,6.990,728,23.5,176,399,626,945,1627,95.63
01/09/2019,30/09/2019,LNI,Lower North Island,221.457,236.237,47.664,6.645,633,21.1,161,351,546,819,1402,95.66
01/10/2019,31/10/2019,LNI,Lower North Island,203.557,217.142,44.891,6.175,582,18.8,154,325,501,748,1278,95.61
01/11/2019,30/11/2019,LNI,Lower North Island,162.007,172.820,40.522,5.251,462,15.4,134,266,402,590,990,95.46
01/12/2019,31/12/2019,LNI,Lower North Island,157.211,167.704,39.905,5.008,448,14.5,131,259,390,570,953,95.47
01/01/2020,31/01/2020,LNI,Lower North Island,148.026,157.906,37.311,4.655,422,13.6,122,247,370,537,891,90.21
01/02/2020,29/02/2020,LNI,Lower North Island,137.914,147.119,36.270,4.580,393,13.6,119,232,344,498,823,90.09
01/03/2020,31/03/2020,LNI,Lower North Island,165.506,176.552,41.203,5.355,475,15.3,139,279,419,606,994,90.67
01/04/2020,30/04/2020,LNI,Lower North Island,190.335,203.038,51.297,7.163,546,18.2,136,313,480,705,1173,90.64
01/05/2020,31/05/2020,LNI,Lower North Island,227.937,243.150,50.631,6.931,653,21.1,171,373,572,844,1409,90.56
01/06/2020,30/06/2020,LNI,Lower North Island,249.634,266.295,51.817,7.394,715,23.8,182,398,619,927,1576,90.70
01/07/2020,31/07/2020,LNI,Lower North Island,272.832,291.042,52.430,7.491,781,25.2,195,430,674,1013,1730,90.66
01/08/2020,31/08/2020,LNI,Lower North Island,251.373,268.150,50.415,7.157,719,23.2,184,399,620,931,1583,91.10
01/09/2020,30/09/2020,LNI,Lower North Island,226.133,241.225,47.421,6.780,646,21.5,170,361,557,834,1419,91.01
01/10/2020,31/10/2020,LNI,Lower North Island,193.045,205.929,43.583,5.843,551,17.8,155,315,478,707,1194,93.42
01/11/2020,30/11/2020,LNI,Lower North Island,173.577,185.162,41.808,5.641,495,16.5,141,285,430,633,1063,93.29
01/12/2020,31/12/2020,LNI,Lower North Island,162.584,173.436,40.455,5.224,463,14.9,136,268,402,589,985,92.60
01/01/2021,31/01/2021,LNI,Lower North Island,150.146,160.167,38.272,4.926,428,13.8,127,250,373,543,904,91.62
01/02/2021,28/02/2021,LNI,Lower North Island,137.635,146.821,37.294,4.790,392,14.0,115,229,342,497,829,95.42
01/03/2021,31/03/2021,LNI,Lower North Island,159.334,169.969,38.722,5.047,453,14.6,132,263,395,578,962,95.44
01/04/2021,30/04/2021,LNI,Lower North Island,174.107,185.727,43.209,5.678,494,16.5,143,287,432,632,1052,95.21
01/05/2021,31/05/2021,LNI,Lower North Island,226.294,241.397,48.130,6.681,640,20.6,173,364,556,825,1392,95.02
01/06/2021,30/06/2021,LNI,Lower North Island,242.927,259.140,51.046,7.158,686,22.9,180,387,596,889,1501,94.78
01/07/2021,31/07/2021,LNI,Lower North Island,276.971,295.457,52.966,7.554,781,25.2,195,432,675,1018,1729,94.87
01/08/2021,31/08/2021,LNI,Lower North Island,279.157,297.788,54.266,7.972,787,25.4,188,433,680,1028,1747,94.94
01/09/2021,30/09/2021,LNI,Lower North Island,240.778,256.848,50.565,7.337,678,22.6,169,377,587,880,1496,94.83
01/10/2021,31/10/2021,LNI,Lower North Island,197.509,210.691,44.765,6.165,556,17.9,154,316,482,715,1205,94.85
01/11/2021,30/11/2021,LNI,Lower North Island,165.963,177.039,39.982,5.392,466,15.5,134,268,405,596,1001,94.65
01/12/2021,31/12/2021,LNI,Lower North Island,161.141,171.896,39.707,5.288,452,14.6,132,261,393,575,968,94.57
01/01/2022,31/01/2022,LNI,Lower North Island,151.698,161.823,37.999,4.890,426,13.7,126,247,369,539,908,94.86
01/02/2022,28/02/2022,LNI,Lower North Island,146.549,156.330,39.215,5.221,411,14.7,120,239,359,523,872,94.79
01/03/2022,31/03/2022,LNI,Lower North Island,166.427,177.534,40.375,5.344,467,15.1,134,270,407,596,996,94.81
01/04/2022,30/04/2022,LNI,Lower North Island,172.099,183.585,42.867,5.749,482,16.1,141,268,416,619,1044,94.81
01/05/2022,31/05/2022,LNI,Lower North Island,217.499,232.015,47.123,6.617,609,19.6,160,345,530,787,1325,94.78
01/06/2022,30/06/2022,LNI,Lower North Island,252.607,269.467,51.896,7.430,707,23.6,174,390,610,920,1568,94.78
01/07/2022,31/07/2022,LNI,Lower North Island,276.245,294.682,52.713,7.620,772,24.9,185,422,666,1009,1722,94.70
01/08/2022,31/08/2022,LNI,Lower North Island,260.402,277.782,50.207,7.272,727,23.5,175,399,626,948,1618,94.64
01/09/2022,30/09/2022,LNI,Lower North Island,229.753,245.088,48.328,6.893,641,21.4,159,352,552,833,1430,94.62
01/10/2022,31/10/2022,LNI,Lower North Island,210.289,224.324,45.900,6.364,587,18.9,153,327,505,758,1295,94.65
01/11/2022,30/11/2022,LNI,Lower North Island,159.901,170.573,40.202,5.272,446,14.9,124,254,385,571,968,94.68
01/12/2022,31/12/2022,LNI,Lower North Island,157.334,167.835,39.993,5.188,439,14.2,123,250,379,560,949,94.71
01/01/2023,31/01/2023,LNI,Lower North Island,155.858,166.261,39.895,5.085,435,14.0,135,252,375,550,931,93.80
01/02/2023,28/02/2023,LNI,Lower North Island,145.050,154.731,39.729,5.179,404,14.4,122,233,349,512,866,91.87
01/03/2023,31/03/2023,LNI,Lower North Island,169.758,181.088,40.764,5.551,473,15.3,139,271,409,603,1016,94.29
01/04/2023,30/04/2023,LNI,Lower North Island,179.397,191.370,43.953,6.014,500,16.7,141,285,434,643,1079,92.59
01/05/2023,31/05/2023,LNI,Lower North Island,215.942,230.354,46.371,6.469,602,19.4,157,339,523,779,1308,92.81
01/06/2023,30/06/2023,LNI,Lower North Island,246.879,263.357,50.974,7.240,685,22.8,166,374,590,893,1519,92.59
01/07/2023,31/07/2023,LNI,Lower North Island,275.700,294.101,52.715,7.684,764,24.6,181,414,657,998,1702,92.59
01/08/2023,31/08/2023,LNI,Lower North Island,287.870,307.083,51.932,7.690,797,25.7,180,425,683,1046,1792,92.64
01/09/2023,30/09/2023,LNI,Lower North Island,217.848,232.388,47.275,6.656,602,20.1,149,330,518,782,1339,92.61
01/10/2023,31/10/2023,LNI,Lower North Island,203.083,216.637,45.126,6.244,561,18.1,145,310,481,726,1240,92.54
01/11/2023,30/11/2023,LNI,Lower North Island,172.389,183.894,42.081,5.613,476,15.9,127,265,408,612,1047,92.46
01/12/2023,31/12/2023,LNI,Lower North Island,163.913,174.853,40.891,5.243,452,14.6,125,255,389,579,983,92.41
01/01/2024,31/01/2024,LNI,Lower North Island,155.553,165.935,39.099,4.908,429,13.8,132,246,370,543,921,92.72
01/02/2024,29/02/2024,LNI,Lower North Island,148.391,158.295,39.052,4.907,409,14.1,126,234,351,517,878,92.77
01/03/2024,31/03/2024,LNI,Lower North Island,169.990,181.336,41.676,5.343,468,15.1,138,265,402,597,1013,93.15
01/04/2024,30/04/2024,LNI,Lower North Island,184.397,196.704,44.675,5.919,507,16.9,141,284,436,652,1108,93.30
01/05/2024,31/05/2024,LNI,Lower North Island,246.122,262.549,49.924,6.917,676,21.8,166,367,580,879,1509,93.41
01/06/2024,30/06/2024,LNI,Lower North Island,249.647,266.309,52.556,7.442,685,22.8,164,371,589,894,1526,93.38
01/01/2010,31/01/2010,LSI,Lower South Island,88.344,94.527,12.772,2.962,560,18.1,124,323,498,723,1205,92.87
01/02/2010,28/02/2010,LSI,Lower South Island,81.286,86.976,12.766,2.876,515,18.4,121,300,457,660,1101,92.65
01/03/2010,31/03/2010,LSI,Lower South Island,91.292,97.682,12.776,2.874,579,18.7,129,339,520,748,1224,93.57
01/04/2010,30/04/2010,LSI,Lower South Island,100.433,107.462,14.623,3.299,637,21.2,143,372,570,820,1356,93.52
01/05/2010,31/05/2010,LSI,Lower South Island,127.438,136.357,17.780,3.866,807,26.0,155,452,713,1056,1782,93.52
01/06/2010,30/06/2010,LSI,Lower South Island,145.298,155.467,20.348,4.253,920,30.7,163,499,805,1212,2065,93.48
01/07/2010,31/07/2010,LSI,Lower South Island,156.442,167.391,21.135,4.344,990,31.9,168,527,859,1309,2257,93.48
01/08/2010,31/08/2010,LSI,Lower South Island,149.674,160.149,20.154,4.242,947,30.5,160,506,818,1243,2166,93.42
01/09/2010,30/09/2010,LSI,Lower South Island,133.754,143.116,18.586,4.077,846,28.2,148,459,736,1103,1927,93.49
01/10/2010,31/10/2010,LSI,Lower South Island,118.289,126.568,16.251,3.653,748,24.1,132,409,652,975,1699,92.13
01/11/2010,30/11/2010,LSI,Lower South Island,94.242,100.838,13.386,3.031,596,19.9,111,330,522,772,1330,93.36
01/12/2010,31/12/2010,LSI,Lower South Island,84.755,90.687,11.968,2.734,535,17.3,103,301,475,698,1167,93.15
01/01/2011,31/01/2011,LSI,Lower South Island,81.031,86.702,11.701,2.687,512,16.5,100,292,458,669,1096,93.17
01/02/2011,28/02/2011,LSI,Lower South Island,77.496,82.920,12.147,2.729,489,17.5,111,286,440,633,1029,88.78
01/03/2011,31/03/2011,LSI,Lower South Island,92.700,99.188,13.091,2.997,584,18.9,129,345,528,759,1224,93.57
01/04/2011,30/04/2011,LSI,Lower South Island,104.871,112.211,14.944,3.427,661,22.0,145,384,592,853,1412,93.59
01/05/2011,31/05/2011,LSI,Lower South Island,127.543,136.470,17.454,3.901,804,25.9,159,453,713,1049,1761,93.51
01/06/2011,30/06/2011,LSI,Lower South Island,137.991,147.649,19.450,4.159,870,29.0,160,477,761,1142,1942,93.54
01/07/2011,31/07/2011,LSI,Lower South Island,151.386,161.981,20.090,4.224,954,30.8,163,512,828,1265,2158,93.67
01/08/2011,31/08/2011,LSI,Lower South Island,151.596,162.206,19.853,4.200,954,30.8,164,513,826,1258,2167,93.56
01/09/2011,30/09/2011,LSI,Lower South Island,135.576,145.064,18.524,4.104,853,28.4,151,461,739,1112,1949,93.56
01/10/2011,31/10/2011,LSI,Lower South Island,117.271,125.479,16.068,3.682,737,23.8,131,399,640,956,1686,93.49
01/11/2011,30/11/2011,LSI,Lower South Island,97.799,104.644,14.027,3.212,614,20.5,113,337,536,794,1383,93.24
01/12/2011,31/12/2011,LSI,Lower South Island,89.518,95.784,12.514,2.945,562,18.1,111,317,496,729,1240,93.26
01/01/2012,31/01/2012,LSI,Lower South Island,83.350,89.184,11.756,2.774,527,17.0,108,302,469,683,1136,93.40
01/02/2012,29/02/2012,LSI,Lower South Island,80.874,86.534,12.356,2.810,511,17.6,114,298,457,660,1083,93.49
01/03/2012,31/03/2012,LSI,Lower South Island,92.995,99.503,13.382,3.049,587,18.9,128,342,527,764,1245,93.78
01/04/2012,30/04/2012,LSI,Lower South Island,100.630,107.674,15.157,3.379,635,21.2,143,370,568,818,1358,93.62
01/05/2012,31/05/2012,LSI,Lower South Island,121.251,129.737,17.371,3.635,765,24.7,154,431,677,998,1673,93.73
01/06/2012,30/06/2012,LSI,Lower South Island,141.377,151.272,20.703,4.167,892,29.7,160,481,777,1177,2005,93.61
01/07/2012,31/07/2012,LSI,Lower South Island,157.725,168.764,22.518,4.479,995,32.1,169,532,862,1315,2261,93.60
01/08/2012,31/08/2012,LSI,Lower South Island,148.687,159.093,21.408,4.336,937,30.2,157,502,813,1233,2134,93.74
01/09/2012,30/09/2012,LSI,Lower South Island,126.868,135.747,19.072,3.979,800,26.7,138,432,694,1044,1829,93.45
01/10/2012,31/10/2012,LSI,Lower South Island,114.054,122.037,16.535,3.583,719,23.2,129,394,628,941,1616,92.15
01/11/2012,30/11/2012,LSI,Lower South Island,97.878,104.729,14.902,3.231,617,20.6,121,346,542,801,1372,93.60
01/12/2012,31/12/2012,LSI,Lower South Island,91.706,98.124,13.314,3.012,578,18.6,118,324,505,749,1297,84.75
01/01/2013,31/01/2013,LSI,Lower South Island,84.429,90.338,12.270,2.796,532,17.2,117,309,474,689,1140,92.38
01/02/2013,28/02/2013,LSI,Lower South Island,77.018,82.409,11.993,2.741,484,17.3,118,285,433,622,1019,92.37
01/03/2013,31/03/2013,LSI,Lower South Island,85.984,92.002,12.523,2.824,540,17.4,130,320,486,697,1125,92.55
01/04/2013,30/04/2013,LSI,Lower South Island,94.530,101.146,14.478,3.226,593,19.8,143,350,532,764,1250,92.56
01/05/2013,31/05/2013,LSI,Lower South Island,119.793,128.178,17.332,3.696,751,24.2,157,426,662,974,1640,92.50
01/06/2013,30/06/2013,LSI,Lower South Island,137.381,146.996,20.222,4.144,861,28.7,163,470,749,1126,1936,92.39
01/07/2013,31/07/2013,LSI,Lower South Island,147.621,157.953,21.230,4.285,924,29.8,168,501,805,1214,2084,92.34
01/08/2013,31/08/2013,LSI,Lower South Island,140.141,149.949,20.210,4.186,875,28.2,162,478,761,1143,1967,92.15
01/09/2013,30/09/2013,LSI,Lower South Island,124.562,133.280,18.149,3.910,777,25.9,149,426,677,1010,1739,92.15
01/10/2013,31/10/2013,LSI,Lower South Island,111.626,119.439,16.064,3.575,697,22.5,138,388,609,903,1548,92.18
01/11/2013,30/11/2013,LSI,Lower South Island,96.248,102.984,14.105,3.173,600,20.0,125,339,529,776,1324,91.94
01/12/2013,31/12/2013,LSI,Lower South Island,88.392,94.578,12.855,2.951,551,17.8,121,313,488,715,1185,90.08
01/01/2014,31/01/2014,LSI,Lower South Island,83.935,89.810,12.182,2.786,523,16.9,116,303,467,679,1114,85.10
01/02/2014,28/02/2014,LSI,Lower South Island,78.131,83.599,12.102,2.762,486,17.3,115,283,432,626,1030,85.07
01/03/2014,31/03/2014,LSI,Lower South Island,90.359,96.683,13.131,2.985,561,18.1,129,329,503,723,1182,85.06
01/04/2014,30/04/2014,LSI,Lower South Island,98.848,105.767,14.753,3.346,613,20.4,139,354,544,788,1320,84.74
01/05/2014,31/05/2014,LSI,Lower South Island,121.597,130.108,17.111,3.759,754,24.3,152,420,659,974,1662,84.47
01/06/2014,30/06/2014,LSI,Lower South Island,133.731,143.091,19.737,4.132,828,27.6,156,450,720,1080,1863,84.58
01/07/2014,31/07/2014,LSI,Lower South Island,149.857,160.345,20.912,4.258,927,29.9,165,504,809,1219,2085,92.83
01/08/2014,31/08/2014,LSI,Lower South Island,143.200,153.222,19.838,4.104,885,28.6,154,479,768,1159,2015,84.43
01/09/2014,30/09/2014,LSI,Lower South Island,127.175,136.076,18.495,3.964,785,26.2,149,432,685,1022,1767,92.52
01/10/2014,31/10/2014,LSI,Lower South Island,114.165,122.156,15.758,3.528,704,22.7,135,393,618,914,1566,93.00
01/11/2014,30/11/2014,LSI,Lower South Island,98.520,105.415,14.050,3.169,607,20.2,118,338,534,790,1357,84.45
01/12/2014,31/12/2014,LSI,Lower South Island,90.895,97.257,12.764,2.940,560,18.1,112,318,498,729,1231,84.49
01/01/2015,31/01/2015,LSI,Lower South Island,80.466,86.098,11.323,2.594,495,16.0,112,282,438,640,1081,84.51
01/02/2015,28/02/2015,LSI,Lower South Island,76.376,81.722,11.822,2.676,470,16.8,113,278,423,605,989,84.62
01/03/2015,31/03/2015,LSI,Lower South Island,87.303,93.414,12.468,2.809,536,17.3,126,316,483,694,1131,84.48
01/04/2015,30/04/2015,LSI,Lower South Island,100.324,107.346,14.732,3.332,616,20.5,139,359,549,793,1309,84.21
01/05/2015,31/05/2015,LSI,Lower South Island,121.941,130.476,17.019,3.706,748,24.1,145,416,655,973,1657,84.50
01/06/2015,30/06/2015,LSI,Lower South Island,139.479,149.241,19.887,4.148,855,28.5,152,456,739,1120,1931,83.86
01/07/2015,31/07/2015,LSI,Lower South Island,155.865,166.774,21.366,4.361,955,30.8,156,498,822,1262,2184,84.38
01/08/2015,31/08/2015,LSI,Lower South Island,147.812,158.158,20.034,4.175,905,29.2,156,476,778,1189,2077,84.33
01/09/2015,30/09/2015,LSI,Lower South Island,132.979,142.286,18.731,4.018,814,27.1,151,441,705,1062,1848,84.13
01/10/2015,31/10/2015,LSI,Lower South Island,111.577,119.386,15.252,3.451,682,22.0,138,379,596,884,1545,84.17
01/11/2015,30/11/2015,LSI,Lower South Island,96.544,103.301,13.636,3.089,590,19.7,123,331,519,768,1330,83.98
01/12/2015,31/12/2015,LSI,Lower South Island,87.724,93.864,12.271,2.803,536,17.3,123,309,477,696,1169,83.11
01/01/2016,31/01/2016,LSI,Lower South Island,83.468,89.310,11.934,2.753,510,16.5,117,296,454,655,1090,92.92
01/02/2016,29/02/2016,LSI,Lower South Island,76.599,81.960,11.598,2.608,468,16.1,120,277,418,595,979,91.75
01/03/2016,31/03/2016,LSI,Lower South Island,87.414,93.532,12.251,2.801,534,17.2,129,316,480,687,1116,92.67
01/04/2016,30/04/2016,LSI,Lower South Island,94.523,101.138,13.965,3.172,577,19.2,129,334,515,745,1235,93.00
01/05/2016,31/05/2016,LSI,Lower South Island,114.584,122.604,16.023,3.563,699,22.6,133,395,620,911,1533,93.49
01/06/2016,30/06/2016,LSI,Lower South Island,134.688,144.114,19.790,4.095,821,27.4,150,448,717,1076,1850,93.25
01/07/2016,31/07/2016,LSI,Lower South Island,150.564,161.102,20.876,4.313,917,29.6,166,495,797,1201,2068,93.25
01/08/2016,31/08/2016,LSI,Lower South Island,153.669,164.424,20.783,4.293,935,30.2,162,501,811,1229,2128,93.18
01/09/2016,30/09/2016,LSI,Lower South Island,123.498,132.142,17.798,3.818,751,25.0,146,410,649,973,1702,92.95
01/10/2016,31/10/2016,LSI,Lower South Island,107.401,114.918,15.345,3.430,652,21.0,134,363,570,845,1445,93.04
01/11/2016,30/11/2016,LSI,Lower South Island,95.158,101.818,14.131,3.154,578,19.3,133,328,508,745,1256,93.10
01/12/2016,31/12/2016,LSI,Lower South Island,90.274,96.593,12.845,2.957,547,17.6,131,319,486,704,1164,91.18
01/01/2017,31/01/2017,LSI,Lower South Island,85.093,91.048,12.005,2.797,516,16.6,112,298,460,666,1098,94.09
01/02/2017,28/02/2017,LSI,Lower South Island,79.909,85.502,12.296,2.787,483,17.2,125,286,431,616,1010,94.00
01/03/2017,31/03/2017,LSI,Lower South Island,87.928,94.082,12.388,2.832,530,17.1,123,311,476,686,1118,86.45
01/04/2017,30/04/2017,LSI,Lower South Island,100.510,107.545,14.935,3.366,606,20.2,145,355,540,779,1282,85.92
01/05/2017,31/05/2017,LSI,Lower South Island,127.319,136.230,17.542,3.769,767,24.7,168,438,677,996,1663,93.97
01/06/2017,30/06/2017,LSI,Lower South Island,145.078,155.232,20.807,4.312,873,29.1,174,475,757,1136,1947,86.39
01/07/2017,31/07/2017,LSI,Lower South Island,163.133,174.551,22.233,4.551,980,31.6,186,530,853,1288,2201,93.73
01/08/2017,31/08/2017,LSI,Lower South Island,147.254,157.560,20.285,4.210,884,28.5,170,481,770,1155,1988,93.65
01/09/2017,30/09/2017,LSI,Lower South Island,125.353,134.126,17.913,3.872,752,25.1,154,418,656,975,1670,91.95
01/10/2017,31/10/2017,LSI,Lower South Island,106.200,113.633,14.930,3.353,636,20.5,143,362,557,818,1387,92.48
01/11/2017,30/11/2017,LSI,Lower South Island,92.174,98.625,13.046,2.952,553,18.4,130,320,489,711,1185,90.48
01/12/2017,31/12/2017,LSI,Lower South Island,80.786,86.440,11.160,2.586,484,15.6,111,277,427,620,1046,93.32
01/01/2018,31/01/2018,LSI,Lower South Island,77.537,82.964,10.791,2.514,464,15.0,113,274,415,595,975,92.37
01/02/2018,28/02/2018,LSI,Lower South Island,75.417,80.695,11.986,2.700,451,16.1,118,270,407,577,930,92.09
01/03/2018,31/03/2018,LSI,Lower South Island,87.359,93.473,12.801,2.877,522,16.8,134,312,469,670,1081,94.76
01/04/2018,30/04/2018,LSI,Lower South Island,105.236,112.602,15.267,3.435,628,20.9,153,369,559,807,1333,94.75
01/05/2018,31/05/2018,LSI,Lower South Island,132.588,141.868,18.046,3.940,790,25.5,168,445,693,1028,1733,94.44
01/06/2018,30/06/2018,LSI,Lower South Island,155.887,166.797,21.831,4.490,928,30.9,180,498,801,1214,2093,94.28
01/07/2018,31/07/2018,LSI,Lower South Island,158.913,170.035,21.958,4.436,944,30.5,185,516,821,1233,2121,93.49
01/08/2018,31/08/2018,LSI,Lower South Island,148.338,158.720,20.135,4.187,880,28.4,173,480,762,1144,1969,93.57
01/09/2018,30/09/2018,LSI,Lower South Island,126.316,135.157,17.890,3.852,749,25.0,159,417,652,970,1660,94.29
01/10/2018,31/10/2018,LSI,Lower South Island,113.137,121.056,15.272,3.494,670,21.6,150,381,590,865,1455,94.22
01/11/2018,30/11/2018,LSI,Lower South Island,97.245,104.051,13.890,3.200,575,19.2,137,334,509,740,1229,94.14
01/12/2018,31/12/2018,LSI,Lower South Island,85.975,91.992,12.159,2.883,507,16.4,126,295,450,649,1078,94.11
01/01/2019,31/01/2019,LSI,Lower South Island,81.941,87.676,11.065,2.606,484,15.6,124,285,430,616,1017,94.83
01/02/2019,28/02/2019,LSI,Lower South Island,74.785,80.019,10.775,2.558,441,15.7,118,261,394,561,916,94.90
01/03/2019,31/03/2019,LSI,Lower South Island,86.644,92.708,11.864,2.757,510,16.5,130,302,457,652,1062,94.93
01/04/2019,30/04/2019,LSI,Lower South Island,101.021,108.092,14.243,3.289,594,19.8,145,345,526,766,1272,94.89
01/05/2019,31/05/2019,LSI,Lower South Island,126.686,135.552,17.246,3.842,744,24.0,165,421,653,964,1626,94.86
01/06/2019,30/06/2019,LSI,Lower South Island,142.461,152.432,19.865,4.182,836,27.9,172,460,727,1093,1863,94.76
01/07/2019,31/07/2019,LSI,Lower South Island,155.297,166.166,20.925,4.381,910,29.4,182,498,792,1190,2030,94.68
01/08/2019,31/08/2019,LSI,Lower South Island,153.544,164.291,20.068,4.231,899,29.0,177,491,781,1181,2011,94.59
01/09/2019,30/09/2019,LSI,Lower South Island,130.714,139.863,17.969,3.934,765,25.5,161,425,667,997,1691,94.61
01/10/2019,31/10/2019,LSI,Lower South Island,119.751,128.132,15.957,3.644,700,22.6,153,394,614,911,1533,94.59
01/11/2019,30/11/2019,LSI,Lower South Island,94.508,101.123,13.413,3.073,552,18.4,136,317,485,707,1191,94.49
01/12/2019,31/12/2019,LSI,Lower South Island,91.049,97.421,12.302,2.909,531,17.1,131,305,469,681,1136,94.39
01/01/2020,31/01/2020,LSI,Lower South Island,85.293,91.262,11.366,2.690,498,16.1,126,292,443,638,1048,87.25
01/02/2020,29/02/2020,LSI,Lower South Island,77.893,83.345,11.347,2.595,454,15.7,123,270,406,579,946,88.31
01/03/2020,31/03/2020,LSI,Lower South Island,95.139,101.797,13.120,3.088,564,18.2,137,333,508,729,1174,89.75
01/04/2020,30/04/2020,LSI,Lower South Island,110.958,118.724,17.246,4.188,660,22.0,122,378,590,865,1421,88.96
01/05/2020,31/05/2020,LSI,Lower South Island,131.509,140.713,18.557,4.011,781,25.2,155,444,692,1021,1700,89.74
01/06/2020,30/06/2020,LSI,Lower South Island,151.181,161.762,21.398,4.491,898,29.9,184,500,787,1178,1976,88.88
01/07/2020,31/07/2020,LSI,Lower South Island,166.565,178.222,22.635,4.587,988,31.9,205,546,859,1280,2135,78.58
01/08/2020,31/08/2020,LSI,Lower South Island,145.841,156.049,20.041,4.165,864,27.9,182,484,757,1127,1892,89.45
01/09/2020,30/09/2020,LSI,Lower South Island,126.513,135.367,17.627,3.805,748,24.9,163,420,652,974,1644,89.44
01/10/2020,31/10/2020,LSI,Lower South Island,110.453,118.184,14.774,3.354,652,21.0,154,376,578,843,1398,89.32
01/11/2020,30/11/2020,LSI,Lower South Island,89.248,95.495,12.595,2.909,526,17.5,128,306,468,679,1118,89.10
01/12/2020,31/12/2020,LSI,Lower South Island,87.217,93.321,11.997,2.811,514,16.6,135,301,457,660,1085,89.01
01/01/2021,31/01/2021,LSI,Lower South Island,82.393,88.160,11.928,2.711,486,15.7,128,288,432,618,1006,89.03
01/02/2021,28/02/2021,LSI,Lower South Island,73.940,79.115,11.223,2.581,435,15.5,106,256,390,560,920,94.74
01/03/2021,31/03/2021,LSI,Lower South Island,87.270,93.378,12.034,2.773,513,16.5,123,301,460,663,1081,94.73
01/04/2021,30/04/2021,LSI,Lower South Island,101.805,108.930,14.818,3.330,597,19.9,154,353,533,769,1255,94.59
01/05/2021,31/05/2021,LSI,Lower South Island,136.343,145.886,18.945,4.038,793,25.6,169,452,703,1039,1717,93.92
01/06/2021,30/06/2021,LSI,Lower South Island,147.826,158.173,21.392,4.369,858,28.6,184,484,761,1128,1867,93.47
01/07/2021,31/07/2021,LSI,Lower South Island,167.442,179.161,22.703,4.581,970,31.3,209,543,855,1272,2124,93.57
01/08/2021,31/08/2021,LSI,Lower South Island,154.812,165.647,21.250,4.434,896,28.9,179,507,795,1180,1945,93.54
01/09/2021,30/09/2021,LSI,Lower South Island,130.051,139.153,18.246,3.975,751,25.0,157,425,664,984,1635,93.41
01/10/2021,31/10/2021,LSI,Lower South Island,109.229,116.874,14.931,3.420,631,20.3,153,365,559,819,1349,93.44
01/11/2021,30/11/2021,LSI,Lower South Island,90.634,96.978,12.955,2.953,523,17.4,127,304,465,675,1112,93.25
01/12/2021,31/12/2021,LSI,Lower South Island,85.351,91.325,12.295,2.809,492,15.9,132,289,437,633,1035,93.19
01/01/2022,31/01/2022,LSI,Lower South Island,82.828,88.626,11.468,2.678,478,15.4,130,283,424,609,999,94.19
01/02/2022,28/02/2022,LSI,Lower South Island,76.211,81.545,12.132,2.723,438,15.7,110,258,392,565,921,94.17
01/03/2022,31/03/2022,LSI,Lower South Island,87.477,93.600,12.443,2.817,503,16.2,124,295,451,651,1056,94.17
01/04/2022,30/04/2022,LSI,Lower South Island,101.170,108.251,14.923,3.390,581,19.4,151,340,516,750,1232,94.15
01/05/2022,31/05/2022,LSI,Lower South Island,126.800,135.675,17.717,3.869,727,23.5,156,415,646,953,1577,94.05
01/06/2022,30/06/2022,LSI,Lower South Island,157.143,168.142,21.812,4.636,901,30.0,181,496,792,1190,1988,94.01
01/07/2022,31/07/2022,LSI,Lower South Island,172.495,184.568,22.907,4.772,988,31.9,195,540,867,1301,2192,93.91
01/08/2022,31/08/2022,LSI,Lower South Island,153.730,164.490,20.405,4.306,880,28.4,176,486,772,1153,1946,93.92
01/09/2022,30/09/2022,LSI,Lower South Island,130.185,139.297,17.905,3.918,744,24.8,156,417,654,976,1634,93.94
01/10/2022,31/10/2022,LSI,Lower South Island,117.025,125.215,15.513,3.552,668,21.6,154,379,589,872,1454,94.01
01/11/2022,30/11/2022,LSI,Lower South Island,89.669,95.945,12.673,2.966,512,17.1,122,293,453,662,1098,93.86
01/12/2022,31/12/2022,LSI,Lower South Island,86.959,93.045,12.157,2.876,496,16.0,128,288,438,639,1053,93.89
01/01/2023,31/01/2023,LSI,Lower South Island,80.813,86.469,10.962,2.645,461,14.9,142,272,404,581,968,93.07
01/02/2023,28/02/2023,LSI,Lower South Island,74.814,80.051,11.197,2.679,426,15.2,121,251,376,542,893,93.42
01/03/2023,31/03/2023,LSI,Lower South Island,93.289,99.818,13.152,3.060,531,17.1,143,310,471,682,1119,93.49
01/04/2023,30/04/2023,LSI,Lower South Island,110.027,117.728,16.081,3.700,626,20.9,159,353,543,805,1382,93.97
01/05/2023,31/05/2023,LSI,Lower South Island,133.863,143.232,18.195,4.022,761,24.5,158,418,661,993,1708,93.97
01/06/2023,30/06/2023,LSI,Lower South Island,160.225,171.439,22.303,4.713,909,30.3,176,484,782,1194,2083,93.98
01/07/2023,31/07/2023,LSI,Lower South Island,171.652,183.665,23.090,4.798,972,31.4,189,519,840,1278,2214,93.93
01/08/2023,31/08/2023,LSI,Lower South Island,167.914,179.666,21.811,4.499,950,30.7,179,507,822,1252,2167,93.88
01/09/2023,30/09/2023,LSI,Lower South Island,130.278,139.397,17.786,3.992,737,24.6,155,402,639,965,1650,93.92
01/10/2023,31/10/2023,LSI,Lower South Island,115.071,123.124,15.220,3.548,650,21.0,145,360,569,851,1434,93.63
01/11/2023,30/11/2023,LSI,Lower South Island,96.095,102.820,13.157,3.138,542,18.1,125,306,477,705,1180,93.86
01/12/2023,31/12/2023,LSI,Lower South Island,88.690,94.898,11.777,2.845,500,16.1,128,286,440,645,1075,93.87
01/01/2024,31/01/2024,LSI,Lower South Island,85.061,91.014,11.269,2.692,480,15.5,144,280,420,608,1018,94.03
01/02/2024,29/02/2024,LSI,Lower South Island,82.577,88.357,11.483,2.739,465,16.0,129,268,408,593,992,94.25
01/03/2024,31/03/2024,LSI,Lower South Island,101.843,108.971,13.447,3.211,573,18.5,152,327,502,736,1235,94.57
01/04/2024,30/04/2024,LSI,Lower South Island,111.977,119.814,15.708,3.605,629,21.0,155,355,552,814,1366,94.65
01/05/2024,31/05/2024,LSI,Lower South Island,151.392,161.988,19.614,4.268,849,27.4,164,458,739,1121,1903,94.59
01/06/2024,30/06/2024,LSI,Lower South Island,154.612,165.434,21.983,4.623,866,28.9,167,466,755,1143,1940,94.47
01/01/2010,31/01/2010,UNI,Upper North Island,282.000,299.048,34.296,9.369,496,16.0,131,288,437,630,1052,95.21
01/02/2010,28/02/2010,UNI,Upper North Island,259.792,275.498,32.785,9.111,457,16.3,126,268,402,576,964,95.39
01/03/2010,31/03/2010,UNI,Upper North Island,295.270,313.120,33.485,9.214,519,16.7,148,310,461,656,1083,93.69
01/04/2010,30/04/2010,UNI,Upper North Island,303.576,321.929,35.962,9.884,533,17.8,142,314,475,680,1119,95.47
01/05/2010,31/05/2010,UNI,Upper North Island,363.480,385.455,38.776,10.928,638,20.6,156,372,570,823,1358,95.50
01/06/2010,30/06/2010,UNI,Upper North Island,414.967,440.054,42.086,12.039,728,24.3,169,414,641,944,1582,95.47
01/07/2010,31/07/2010,UNI,Upper North Island,461.344,489.234,43.943,12.695,809,26.1,180,454,710,1052,1775,95.46
01/08/2010,31/08/2010,UNI,Upper North Island,445.682,472.626,43.362,12.518,782,25.2,176,441,686,1014,1706,95.43
01/09/2010,30/09/2010,UNI,Upper North Island,395.356,419.258,41.837,11.943,693,23.1,162,396,612,896,1497,95.46
01/10/2010,31/10/2010,UNI,Upper North Island,353.802,375.192,39.432,10.830,620,20.0,153,358,550,796,1326,95.47
01/11/2010,30/11/2010,UNI,Upper North Island,304.480,322.888,35.297,9.705,534,17.8,138,309,472,680,1135,95.09
01/12/2010,31/12/2010,UNI,Upper North Island,291.879,309.525,34.047,9.332,511,16.5,139,299,452,650,1079,95.06
01/01/2011,31/01/2011,UNI,Upper North Island,280.843,297.821,33.574,9.229,492,15.9,133,288,435,624,1037,95.52
01/02/2011,28/02/2011,UNI,Upper North Island,260.450,276.196,31.912,9.092,456,16.3,128,269,403,576,958,95.46
01/03/2011,31/03/2011,UNI,Upper North Island,296.826,314.771,33.171,9.511,520,16.8,145,308,463,659,1086,95.57
01/04/2011,30/04/2011,UNI,Upper North Island,312.329,331.211,36.378,10.114,546,18.2,149,323,488,697,1143,95.49
01/05/2011,31/05/2011,UNI,Upper North Island,363.526,385.503,38.190,11.019,636,20.5,169,376,568,816,1335,95.41
01/06/2011,30/06/2011,UNI,Upper North Island,403.370,427.756,41.429,12.048,705,23.5,177,410,625,909,1509,91.53
01/07/2011,31/07/2011,UNI,Upper North Island,451.558,478.857,42.936,12.487,789,25.5,178,447,696,1027,1718,87.04
01/08/2011,31/08/2011,UNI,Upper North Island,454.682,482.170,43.127,12.485,794,25.6,176,448,699,1033,1737,86.55
01/09/2011,30/09/2011,UNI,Upper North Island,403.238,427.617,41.960,12.096,704,23.5,162,400,621,912,1534,86.74
01/10/2011,31/10/2011,UNI,Upper North Island,355.902,377.419,39.105,11.074,621,20.0,154,360,552,801,1333,86.55
01/11/2011,30/11/2011,UNI,Upper North Island,310.521,329.294,35.538,10.107,541,18.0,139,316,481,694,1152,86.34
01/12/2011,31/12/2011,UNI,Upper North Island,303.276,321.610,35.366,9.888,528,17.0,142,310,470,676,1116,86.37
01/01/2012,31/01/2012,UNI,Upper North Island,290.150,307.692,34.823,9.569,510,16.4,139,302,456,653,1072,86.11
01/02/2012,29/02/2012,UNI,Upper North Island,269.823,286.136,32.820,9.291,474,16.3,136,283,423,603,991,86.14
01/03/2012,31/03/2012,UNI,Upper North Island,299.018,317.095,33.886,9.715,525,16.9,145,311,468,669,1094,95.23
01/04/2012,30/04/2012,UNI,Upper North Island,305.259,323.713,35.968,10.159,536,17.9,146,318,480,684,1117,95.17
01/05/2012,31/05/2012,UNI,Upper North Island,370.044,392.415,37.773,10.996,649,20.9,163,379,579,837,1376,95.11
01/06/2012,30/06/2012,UNI,Upper North Island,419.055,444.389,41.928,12.242,735,24.5,171,417,648,955,1594,95.28
01/07/2012,31/07/2012,UNI,Upper North Island,455.600,483.144,43.303,12.823,799,25.8,179,451,703,1041,1740,95.11
01/08/2012,31/08/2012,UNI,Upper North Island,426.477,452.260,42.053,12.327,747,24.1,171,425,658,970,1622,95.28
01/09/2012,30/09/2012,UNI,Upper North Island,377.231,400.036,40.250,11.725,661,22.0,156,379,585,855,1423,95.24
01/10/2012,31/10/2012,UNI,Upper North Island,347.481,368.488,37.495,10.819,609,19.6,151,351,541,785,1298,95.04
01/11/2012,30/11/2012,UNI,Upper North Island,310.771,329.559,35.471,10.169,544,18.1,141,316,482,697,1156,95.11
01/12/2012,31/12/2012,UNI,Upper North Island,294.686,312.501,34.482,9.594,516,16.6,141,302,458,655,1087,94.75
01/01/2013,31/01/2013,UNI,Upper North Island,277.530,294.308,32.897,9.110,485,15.7,134,285,430,617,1021,96.31
01/02/2013,28/02/2013,UNI,Upper North Island,250.994,266.168,31.848,8.852,439,15.7,126,260,388,555,916,96.24
01/03/2013,31/03/2013,UNI,Upper North Island,282.324,299.392,32.311,9.189,493,15.9,141,293,438,623,1022,90.94
01/04/2013,30/04/2013,UNI,Upper North Island,296.261,314.172,34.885,10.020,517,17.2,147,308,461,656,1071,95.37
01/05/2013,31/05/2013,UNI,Upper North Island,360.485,382.278,37.202,11.024,628,20.3,164,369,560,807,1321,95.95
01/06/2013,30/06/2013,UNI,Upper North Island,409.310,434.056,41.487,12.237,712,23.7,176,408,629,920,1529,95.84
01/07/2013,31/07/2013,UNI,Upper North Island,447.189,474.224,42.823,12.864,777,25.1,186,444,685,1007,1676,95.78
01/08/2013,31/08/2013,UNI,Upper North Island,423.236,448.823,41.910,12.530,731,23.6,177,420,646,946,1574,93.64
01/09/2013,30/09/2013,UNI,Upper North Island,377.901,400.747,39.954,11.758,651,21.7,161,377,576,838,1396,94.10
01/10/2013,31/10/2013,UNI,Upper North Island,336.975,357.348,37.314,10.696,580,18.7,150,338,515,745,1233,95.30
01/11/2013,30/11/2013,UNI,Upper North Island,299.427,317.530,34.594,9.785,515,17.2,141,303,458,658,1084,93.92
01/12/2013,31/12/2013,UNI,Upper North Island,285.122,302.360,33.647,9.435,490,15.8,137,288,434,623,1029,94.45
01/01/2014,31/01/2014,UNI,Upper North Island,277.436,294.209,33.012,9.128,476,15.4,131,280,421,604,1002,95.49
01/02/2014,28/02/2014,UNI,Upper North Island,255.319,270.755,31.925,8.946,438,15.7,125,259,387,553,920,95.50
01/03/2014,31/03/2014,UNI,Upper North Island,287.217,304.581,32.984,9.404,493,15.9,139,292,436,624,1030,95.54
01/04/2014,30/04/2014,UNI,Upper North Island,296.277,314.189,35.165,9.941,508,16.9,143,301,451,645,1061,95.68
01/05/2014,31/05/2014,UNI,Upper North Island,359.472,381.204,38.224,11.013,615,19.9,155,357,547,793,1305,95.50
01/06/2014,30/06/2014,UNI,Upper North Island,393.260,417.035,40.812,12.044,673,22.4,161,385,595,871,1448,95.57
01/07/2014,31/07/2014,UNI,Upper North Island,461.548,489.451,43.315,12.999,789,25.4,177,444,693,1025,1725,95.01
01/08/2014,31/08/2014,UNI,Upper North Island,441.565,468.261,42.479,12.542,754,24.3,169,426,664,983,1651,86.67
01/09/2014,30/09/2014,UNI,Upper North Island,379.482,402.424,39.978,11.723,647,21.6,156,372,572,835,1393,95.40
01/10/2014,31/10/2014,UNI,Upper North Island,348.448,369.514,37.677,10.673,593,19.1,147,340,523,764,1271,95.58
01/11/2014,30/11/2014,UNI,Upper North Island,313.812,332.784,35.669,10.003,533,17.8,137,307,469,682,1139,94.84
01/12/2014,31/12/2014,UNI,Upper North Island,298.821,316.886,34.567,9.578,507,16.4,135,294,447,647,1078,95.32
01/01/2015,31/01/2015,UNI,Upper North Island,272.707,289.194,31.902,8.713,463,14.9,128,270,407,587,980,95.44
01/02/2015,28/02/2015,UNI,Upper North Island,254.749,270.150,31.673,8.847,432,15.4,124,255,381,545,909,95.40
01/03/2015,31/03/2015,UNI,Upper North Island,285.223,302.467,31.965,9.095,483,15.6,137,285,428,613,1012,94.01
01/04/2015,30/04/2015,UNI,Upper North Island,304.417,322.820,35.065,10.020,515,17.2,144,304,458,657,1077,95.43
01/05/2015,31/05/2015,UNI,Upper North Island,373.918,396.523,38.619,11.262,632,20.4,161,367,561,816,1346,95.48
01/06/2015,30/06/2015,UNI,Upper North Island,421.473,446.954,42.018,12.423,712,23.7,170,404,628,925,1544,95.38
01/07/2015,31/07/2015,UNI,Upper North Island,468.774,497.114,43.887,13.000,792,25.5,180,445,696,1033,1727,95.39
01/08/2015,31/08/2015,UNI,Upper North Island,449.357,476.523,42.814,12.580,758,24.5,174,427,666,988,1655,95.35
01/09/2015,30/09/2015,UNI,Upper North Island,391.766,415.451,40.216,11.732,661,22.0,157,375,582,856,1430,95.25
01/10/2015,31/10/2015,UNI,Upper North Island,342.557,363.267,37.411,10.501,577,18.6,147,332,510,743,1235,95.21
01/11/2015,30/11/2015,UNI,Upper North Island,305.082,323.526,34.890,9.675,514,17.1,137,298,454,657,1092,95.25
01/12/2015,31/12/2015,UNI,Upper North Island,293.785,311.546,34.234,9.303,495,16.0,140,291,438,630,1042,95.28
01/01/2016,31/01/2016,UNI,Upper North Island,276.316,293.021,32.108,9.033,466,15.0,130,273,411,593,1002,95.25
01/02/2016,29/02/2016,UNI,Upper North Island,261.870,277.702,31.273,8.835,442,15.2,127,258,387,559,954,94.97
01/03/2016,31/03/2016,UNI,Upper North Island,280.402,297.354,31.679,8.905,473,15.3,137,279,417,597,994,95.44
01/04/2016,30/04/2016,UNI,Upper North Island,296.723,314.662,34.734,9.870,500,16.7,141,295,444,636,1045,95.25
01/05/2016,31/05/2016,UNI,Upper North Island,342.181,362.867,36.523,10.545,576,18.6,152,336,512,742,1211,95.19
01/06/2016,30/06/2016,UNI,Upper North Island,409.119,433.853,41.253,12.327,688,22.9,166,394,609,891,1478,95.14
01/07/2016,31/07/2016,UNI,Upper North Island,449.015,476.161,42.915,12.747,753,24.3,176,426,663,980,1633,94.99
01/08/2016,31/08/2016,UNI,Upper North Island,453.624,481.049,42.639,12.559,760,24.5,175,429,669,990,1653,94.93
01/09/2016,30/09/2016,UNI,Upper North Island,383.113,406.274,40.288,11.739,641,21.4,157,367,566,830,1379,94.74
01/10/2016,31/10/2016,UNI,Upper North Island,344.312,365.127,38.163,10.897,576,18.6,151,333,508,740,1228,94.69
01/11/2016,30/11/2016,UNI,Upper North Island,310.168,328.920,35.158,10.189,518,17.3,141,299,454,660,1108,94.26
01/12/2016,31/12/2016,UNI,Upper North Island,295.454,313.316,34.381,9.592,493,15.9,138,288,434,626,1043,93.68
01/01/2017,31/01/2017,UNI,Upper North Island,279.838,296.756,33.195,9.116,467,15.1,131,272,410,592,992,96.11
01/02/2017,28/02/2017,UNI,Upper North Island,257.703,273.283,31.982,8.907,429,15.3,123,252,378,542,909,95.91
01/03/2017,31/03/2017,UNI,Upper North Island,290.018,307.552,32.399,9.257,483,15.6,135,283,426,611,1021,95.99
01/04/2017,30/04/2017,UNI,Upper North Island,305.171,323.620,35.488,10.128,508,16.9,141,298,449,647,1069,95.94
01/05/2017,31/05/2017,UNI,Upper North Island,375.104,397.782,38.061,11.005,623,20.1,157,358,551,804,1334,95.83
01/06/2017,30/06/2017,UNI,Upper North Island,422.194,447.718,42.174,12.436,701,23.4,167,396,617,909,1518,95.83
01/07/2017,31/07/2017,UNI,Upper North Island,470.262,498.693,43.721,13.001,780,25.2,178,438,686,1017,1695,95.82
01/08/2017,31/08/2017,UNI,Upper North Island,435.180,461.490,41.662,12.331,721,23.3,166,406,634,938,1568,95.80
01/09/2017,30/09/2017,UNI,Upper North Island,382.047,405.145,40.394,11.695,632,21.1,154,359,556,818,1365,95.58
01/10/2017,31/10/2017,UNI,Upper North Island,347.063,368.045,37.440,10.861,574,18.5,150,330,505,736,1228,95.46
01/11/2017,30/11/2017,UNI,Upper North Island,303.457,321.802,34.547,9.634,501,16.7,138,290,441,638,1069,95.11
01/12/2017,31/12/2017,UNI,Upper North Island,281.443,298.458,32.622,8.929,464,15.0,130,269,406,588,987,94.74
01/01/2018,31/01/2018,UNI,Upper North Island,282.500,299.579,32.113,9.077,466,15.0,127,270,407,590,998,94.87
01/02/2018,28/02/2018,UNI,Upper North Island,264.517,280.509,32.109,9.386,435,15.5,120,252,380,549,936,94.50
01/03/2018,31/03/2018,UNI,Upper North Island,292.441,310.121,32.624,9.545,481,15.5,134,280,422,608,1026,96.10
01/04/2018,30/04/2018,UNI,Upper North Island,347.202,368.193,39.799,11.232,570,19.0,140,305,469,696,1344,96.18
01/05/2018,31/05/2018,UNI,Upper North Island,378.770,401.669,39.113,11.154,621,20.0,155,358,549,802,1329,95.31
01/06/2018,30/06/2018,UNI,Upper North Island,466.381,494.577,44.854,13.312,764,25.5,171,424,667,995,1677,95.12
01/07/2018,31/07/2018,UNI,Upper North Island,486.733,516.159,44.737,13.466,796,25.7,177,444,699,1039,1740,96.03
01/08/2018,31/08/2018,UNI,Upper North Island,453.339,480.747,42.673,12.681,740,23.9,165,413,649,965,1619,95.92
01/09/2018,30/09/2018,UNI,Upper North Island,395.636,419.555,41.214,11.956,645,21.5,153,364,566,837,1403,95.74
01/10/2018,31/10/2018,UNI,Upper North Island,344.112,364.915,37.176,10.532,561,18.1,142,320,492,721,1209,95.75
01/11/2018,30/11/2018,UNI,Upper North Island,309.218,327.912,34.704,10.084,503,16.8,133,289,441,643,1079,95.63
01/12/2018,31/12/2018,UNI,Upper North Island,295.682,313.558,34.243,9.826,480,15.5,132,277,421,609,1028,95.55
01/01/2019,31/01/2019,UNI,Upper North Island,285.059,302.293,32.852,8.987,463,14.9,126,266,403,586,997,96.37
01/02/2019,28/02/2019,UNI,Upper North Island,258.894,274.545,31.774,8.776,419,15.0,117,242,365,530,904,96.32
01/03/2019,31/03/2019,UNI,Upper North Island,311.602,330.440,34.740,9.826,504,16.3,132,280,427,628,1139,96.26
01/04/2019,30/04/2019,UNI,Upper North Island,310.396,329.162,35.774,10.016,501,16.7,134,289,441,640,1073,96.12
01/05/2019,31/05/2019,UNI,Upper North Island,366.886,389.066,38.256,11.028,592,19.1,147,337,521,764,1277,96.19
01/06/2019,30/06/2019,UNI,Upper North Island,436.365,462.746,43.070,12.697,702,23.4,160,393,617,915,1533,96.04
01/07/2019,31/07/2019,UNI,Upper North Island,466.830,495.053,43.785,13.051,750,24.2,169,418,658,979,1641,96.00
01/08/2019,31/08/2019,UNI,Upper North Island,472.046,500.584,43.367,12.892,757,24.4,168,422,664,989,1663,95.76
01/09/2019,30/09/2019,UNI,Upper North Island,403.778,428.189,41.599,12.044,647,21.6,152,362,565,839,1415,95.81
01/10/2019,31/10/2019,UNI,Upper North Island,364.419,386.450,38.313,10.990,583,18.8,147,330,511,751,1261,95.73
01/11/2019,30/11/2019,UNI,Upper North Island,306.875,325.428,34.519,9.889,490,16.3,134,281,428,624,1054,95.58
01/12/2019,31/12/2019,UNI,Upper North Island,295.862,313.749,34.082,9.369,472,15.2,132,272,411,597,1013,95.11
01/01/2020,31/01/2020,UNI,Upper North Island,288.745,306.201,33.280,9.026,460,14.8,123,265,402,584,992,91.42
01/02/2020,29/02/2020,UNI,Upper North Island,270.382,286.728,32.010,8.926,430,14.8,123,249,374,542,928,94.50
01/03/2020,31/03/2020,UNI,Upper North Island,308.668,327.329,36.295,9.929,492,15.9,136,287,433,624,1046,94.63
01/04/2020,30/04/2020,UNI,Upper North Island,345.171,366.039,48.682,12.913,550,18.3,126,315,488,710,1179,94.72
01/05/2020,31/05/2020,UNI,Upper North Island,409.591,434.353,43.430,12.381,652,21.0,158,374,576,843,1398,94.90
01/06/2020,30/06/2020,UNI,Upper North Island,435.313,461.631,43.830,12.817,692,23.1,166,393,609,896,1496,94.55
01/07/2020,31/07/2020,UNI,Upper North Island,501.432,531.746,46.185,13.687,795,25.6,188,450,699,1032,1722,94.73
01/08/2020,31/08/2020,UNI,Upper North Island,480.708,509.770,46.474,13.606,760,24.5,179,430,669,988,1647,94.64
01/09/2020,30/09/2020,UNI,Upper North Island,413.518,438.517,42.439,12.326,653,21.8,161,370,572,845,1417,94.54
01/10/2020,31/10/2020,UNI,Upper North Island,347.223,368.214,37.367,10.448,548,17.7,145,313,479,701,1177,94.38
01/11/2020,30/11/2020,UNI,Upper North Island,307.031,325.593,35.109,9.919,483,16.1,132,278,421,613,1038,94.20
01/12/2020,31/12/2020,UNI,Upper North Island,303.720,322.082,34.986,9.702,477,15.4,134,274,414,602,1024,93.73
01/01/2021,31/01/2021,UNI,Upper North Island,294.165,311.949,34.380,9.593,462,14.9,128,268,403,584,995,94.86
01/02/2021,28/02/2021,UNI,Upper North Island,271.244,287.642,34.004,9.384,425,15.2,117,245,370,537,919,94.54
01/03/2021,31/03/2021,UNI,Upper North Island,306.210,324.722,35.135,9.642,479,15.5,130,276,418,607,1033,94.41
01/04/2021,30/04/2021,UNI,Upper North Island,317.624,336.826,36.490,10.297,496,16.5,134,286,434,632,1064,92.66
01/05/2021,31/05/2021,UNI,Upper North Island,401.720,426.006,40.764,11.790,625,20.2,155,356,549,808,1353,94.06
01/06/2021,30/06/2021,UNI,Upper North Island,439.961,466.559,43.404,12.887,684,22.8,165,387,600,887,1485,93.93
01/07/2021,31/07/2021,UNI,Upper North Island,511.798,542.740,46.034,13.877,795,25.6,186,445,697,1037,1733,93.85
01/08/2021,31/08/2021,UNI,Upper North Island,501.071,531.364,47.892,14.225,777,25.1,174,435,683,1015,1696,93.93
01/09/2021,30/09/2021,UNI,Upper North Island,444.797,471.687,47.691,13.474,689,23.0,147,386,606,897,1503,93.65
01/10/2021,31/10/2021,UNI,Upper North Island,385.983,409.318,42.222,11.978,597,19.3,144,338,523,769,1298,93.81
01/11/2021,30/11/2021,UNI,Upper North Island,328.184,348.025,37.768,10.599,506,16.9,129,289,442,645,1096,93.42
01/12/2021,31/12/2021,UNI,Upper North Island,319.988,339.334,36.107,10.439,493,15.9,134,280,426,624,1076,93.33
01/01/2022,31/01/2022,UNI,Upper North Island,307.185,325.757,34.973,9.844,474,15.3,127,269,409,600,1039,94.22
01/02/2022,28/02/2022,UNI,Upper North Island,292.318,309.990,34.719,10.353,450,16.1,119,254,387,570,991,94.02
01/03/2022,31/03/2022,UNI,Upper North Island,315.242,334.300,35.021,10.062,485,15.6,131,276,419,614,1058,93.94
01/04/2022,30/04/2022,UNI,Upper North Island,317.982,337.206,37.775,10.560,488,16.3,131,278,423,622,1061,93.86
01/05/2022,31/05/2022,UNI,Upper North Island,389.530,413.080,41.641,11.780,597,19.2,148,336,521,771,1302,93.68
01/06/2022,30/06/2022,UNI,Upper North Island,452.492,479.848,45.540,13.232,692,23.1,160,386,605,901,1517,93.65
01/07/2022,31/07/2022,UNI,Upper North Island,492.025,521.771,46.545,13.491,751,24.2,172,419,658,981,1647,93.89
01/08/2022,31/08/2022,UNI,Upper North Island,469.326,497.700,45.149,13.030,715,23.1,163,397,625,934,1574,93.79
01/09/2022,30/09/2022,UNI,Upper North Island,416.435,441.611,43.694,12.420,633,21.1,149,350,551,824,1396,93.67
01/10/2022,31/10/2022,UNI,Upper North Island,377.980,400.831,41.445,11.371,574,18.5,145,322,499,740,1258,93.68
01/11/2022,30/11/2022,UNI,Upper North Island,327.579,347.383,38.325,10.737,498,16.6,129,279,429,635,1095,93.68
01/12/2022,31/12/2022,UNI,Upper North Island,328.478,348.337,38.194,10.767,498,16.1,132,279,429,634,1101,93.69
01/01/2023,31/01/2023,UNI,Upper North Island,326.534,346.275,38.360,10.591,496,16.0,140,279,426,628,1090,93.95
01/02/2023,28/02/2023,UNI,Upper North Island,298.579,316.629,37.300,10.597,453,16.2,123,254,389,574,998,94.23
01/03/2023,31/03/2023,UNI,Upper North Island,329.910,349.855,37.121,10.724,499,16.1,136,280,429,633,1099,94.14
01/04/2023,30/04/2023,UNI,Upper North Island,338.601,359.072,39.587,11.285,511,17.0,137,289,443,654,1117,94.41
01/05/2023,31/05/2023,UNI,Upper North Island,414.040,439.071,42.519,12.330,624,20.1,150,348,544,809,1367,94.43
01/06/2023,30/06/2023,UNI,Upper North Island,488.005,517.508,47.164,14.226,730,24.3,161,399,635,956,1618,94.06
01/07/2023,31/07/2023,UNI,Upper North Island,521.402,552.924,48.377,14.446,778,25.1,172,426,678,1020,1721,94.04
01/08/2023,31/08/2023,UNI,Upper North Island,541.619,574.363,48.181,14.383,806,26.0,171,437,699,1061,1797,93.88
01/09/2023,30/09/2023,UNI,Upper North Island,420.878,446.323,44.212,12.783,624,20.8,144,342,542,814,1386,93.79
01/10/2023,31/10/2023,UNI,Upper North Island,395.534,419.446,42.635,12.089,585,18.9,143,322,504,754,1301,93.69
01/11/2023,30/11/2023,UNI,Upper North Island,337.296,357.687,39.056,10.918,498,16.6,124,276,430,640,1102,93.54
01/12/2023,31/12/2023,UNI,Upper North Island,339.028,359.525,39.019,10.780,499,16.1,128,277,429,639,1109,93.48
01/01/2024,31/01/2024,UNI,Upper North Island,338.409,358.868,38.135,10.615,498,16.1,142,278,425,632,1109,94.49
01/02/2024,29/02/2024,UNI,Upper North Island,311.725,330.571,36.544,10.248,458,15.8,130,255,390,579,1022,94.62
01/03/2024,31/03/2024,UNI,Upper North Island,337.731,358.149,38.128,10.553,496,16.0,138,277,425,629,1093,94.93
01/04/2024,30/04/2024,UNI,Upper North Island,348.858,369.948,39.989,11.132,511,17.0,137,286,441,654,1122,94.95
01/05/2024,31/05/2024,UNI,Upper North Island,452.416,479.767,44.699,12.640,662,21.3,155,360,571,862,1475,95.04
01/06/2024,30/06/2024,UNI,Upper North Island,450.952,478.215,46.112,13.363,659,22.0,153,361,572,859,1456,95.06
01/01/2010,31/01/2010,USI,Upper South Island,150.884,160.268,33.966,5.021,536,17.3,144,314,473,680,1135,94.01
01/02/2010,28/02/2010,USI,Upper South Island,140.886,149.649,32.642,4.949,500,17.9,142,297,443,632,1049,94.02
01/03/2010,31/03/2010,USI,Upper South Island,160.673,170.666,33.104,5.022,570,18.4,162,340,508,722,1188,94.13
01/04/2010,30/04/2010,USI,Upper South Island,174.629,185.490,38.745,5.695,619,20.6,173,370,553,789,1291,94.11
01/05/2010,31/05/2010,USI,Upper South Island,216.421,229.881,44.692,6.518,766,24.7,180,442,681,992,1648,94.11
01/06/2010,30/06/2010,USI,Upper South Island,270.453,287.274,51.343,7.859,957,31.9,201,521,835,1265,2124,94.15
01/07/2010,31/07/2010,USI,Upper South Island,294.702,313.031,53.746,8.123,1042,33.6,207,563,910,1386,2319,94.14
01/08/2010,31/08/2010,USI,Upper South Island,271.653,288.549,51.990,7.642,960,31.0,196,530,845,1269,2107,94.08
01/09/2010,30/09/2010,USI,Upper South Island,223.539,237.442,49.351,6.764,790,26.3,172,447,699,1030,1724,93.97
01/10/2010,31/10/2010,USI,Upper South Island,194.293,206.378,40.748,5.957,687,22.2,156,395,610,888,1487,93.89
01/11/2010,30/11/2010,USI,Upper South Island,160.984,170.997,33.877,5.140,569,19.0,132,326,502,730,1236,93.85
01/12/2010,31/12/2010,USI,Upper South Island,149.569,158.872,31.028,4.790,528,17.0,128,301,464,673,1146,93.61
01/01/2011,31/01/2011,USI,Upper South Island,147.554,156.731,33.284,4.857,521,16.8,137,306,463,661,1096,92.79
01/02/2011,28/02/2011,USI,Upper South Island,136.953,145.471,33.998,4.788,484,17.3,137,287,429,610,1008,92.76
01/03/2011,31/03/2011,USI,Upper South Island,150.842,160.224,37.485,4.841,533,17.2,123,308,475,687,1134,91.89
01/04/2011,30/04/2011,USI,Upper South Island,177.258,188.282,43.331,5.750,627,20.9,147,366,560,808,1331,91.84
01/05/2011,31/05/2011,USI,Upper South Island,220.749,234.479,49.777,6.702,782,25.2,169,445,693,1016,1695,91.92
01/06/2011,30/06/2011,USI,Upper South Island,239.520,254.417,51.338,7.166,850,28.3,174,468,743,1112,1872,88.51
01/07/2011,31/07/2011,USI,Upper South Island,278.201,295.504,54.142,7.706,988,31.9,175,531,862,1309,2187,86.05
01/08/2011,31/08/2011,USI,Upper South Island,282.511,300.082,54.662,7.770,1003,32.3,173,540,876,1332,2214,86.10
01/09/2011,30/09/2011,USI,Upper South Island,232.459,246.917,51.963,6.985,825,27.5,162,458,720,1066,1799,85.82
01/10/2011,31/10/2011,USI,Upper South Island,200.259,212.714,46.849,6.241,710,22.9,145,401,622,911,1528,85.95
01/11/2011,30/11/2011,USI,Upper South Island,164.803,175.053,39.029,5.373,584,19.5,130,333,512,742,1250,85.72
01/12/2011,31/12/2011,USI,Upper South Island,156.325,166.047,35.826,5.105,554,17.9,133,323,489,700,1159,85.85
01/01/2012,31/01/2012,USI,Upper South Island,148.032,157.239,32.871,4.890,530,17.1,141,312,467,663,1097,85.70
01/02/2012,29/02/2012,USI,Upper South Island,140.712,149.463,34.029,4.853,505,17.4,119,297,447,635,1047,86.01
01/03/2012,31/03/2012,USI,Upper South Island,162.608,172.722,40.097,5.292,587,18.9,160,351,525,744,1220,92.78
01/04/2012,30/04/2012,USI,Upper South Island,170.548,181.156,42.006,5.685,616,20.5,168,367,550,784,1290,92.82
01/05/2012,31/05/2012,USI,Upper South Island,214.368,227.701,44.765,6.380,775,25.0,184,447,687,1002,1662,93.06
01/06/2012,30/06/2012,USI,Upper South Island,263.821,280.230,51.793,7.720,954,31.8,199,524,833,1256,2103,93.02
01/07/2012,31/07/2012,USI,Upper South Island,289.137,307.120,55.769,8.151,1046,33.7,204,573,920,1382,2296,93.11
01/08/2012,31/08/2012,USI,Upper South Island,260.853,277.077,53.199,7.552,944,30.5,196,519,818,1217,2022,80.42
01/09/2012,30/09/2012,USI,Upper South Island,210.367,223.451,47.034,6.549,762,25.4,168,431,670,988,1658,93.13
01/10/2012,31/10/2012,USI,Upper South Island,188.715,200.452,42.435,5.885,684,22.1,157,392,605,882,1472,93.27
01/11/2012,30/11/2012,USI,Upper South Island,163.830,174.019,37.804,5.369,594,19.8,151,347,527,760,1265,93.22
01/12/2012,31/12/2012,USI,Upper South Island,153.607,163.161,32.710,5.009,556,17.9,153,330,495,708,1171,88.25
01/01/2013,31/01/2013,USI,Upper South Island,140.893,149.656,30.181,4.633,510,16.4,141,303,454,644,1065,93.62
01/02/2013,28/02/2013,USI,Upper South Island,131.574,139.758,29.908,4.648,476,17.0,138,285,423,599,986,93.57
01/03/2013,31/03/2013,USI,Upper South Island,150.785,160.164,32.737,4.916,544,17.6,155,327,488,691,1123,93.59
01/04/2013,30/04/2013,USI,Upper South Island,167.871,178.312,39.518,5.687,605,20.2,169,362,541,772,1254,93.57
01/05/2013,31/05/2013,USI,Upper South Island,217.963,231.520,45.691,6.677,785,25.3,192,453,696,1016,1678,93.55
01/06/2013,30/06/2013,USI,Upper South Island,251.091,266.708,50.338,7.519,904,30.1,203,504,791,1183,1974,93.54
01/07/2013,31/07/2013,USI,Upper South Island,271.802,288.706,54.147,7.831,977,31.5,208,542,857,1284,2140,93.50
01/08/2013,31/08/2013,USI,Upper South Island,245.505,260.774,51.204,7.280,885,28.5,198,500,780,1156,1918,93.59
01/09/2013,30/09/2013,USI,Upper South Island,208.024,220.963,46.782,6.483,750,25.0,175,428,663,973,1619,93.87
01/10/2013,31/10/2013,USI,Upper South Island,186.664,198.274,42.637,5.935,673,21.7,163,393,599,867,1432,93.94
01/11/2013,30/11/2013,USI,Upper South Island,156.192,165.906,33.260,5.112,563,18.8,145,328,498,720,1202,93.90
01/12/2013,31/12/2013,USI,Upper South Island,148.922,158.184,33.113,4.936,536,17.3,146,316,477,681,1129,93.76
01/01/2014,31/01/2014,USI,Upper South Island,143.218,152.126,30.454,4.720,515,16.6,143,307,459,651,1074,94.15
01/02/2014,28/02/2014,USI,Upper South Island,133.900,142.228,30.185,4.699,482,17.2,139,288,428,607,1003,94.17
01/03/2014,31/03/2014,USI,Upper South Island,161.327,171.361,38.007,5.291,580,18.7,160,347,518,737,1204,94.11
01/04/2014,30/04/2014,USI,Upper South Island,175.591,186.512,41.193,5.901,630,21.0,168,374,561,803,1330,92.78
01/05/2014,31/05/2014,USI,Upper South Island,215.938,229.368,45.878,6.627,774,25.0,184,446,685,1002,1668,94.00
01/06/2014,30/06/2014,USI,Upper South Island,243.126,258.247,50.832,7.458,870,29.0,189,487,762,1138,1904,94.11
01/07/2014,31/07/2014,USI,Upper South Island,262.131,278.434,50.511,7.395,937,30.2,194,522,825,1234,2050,94.23
01/08/2014,31/08/2014,USI,Upper South Island,257.000,272.984,51.007,7.312,917,29.6,190,511,808,1205,2008,94.13
01/09/2014,30/09/2014,USI,Upper South Island,219.127,232.755,47.474,6.780,780,26.0,172,439,684,1013,1712,93.97
01/10/2014,31/10/2014,USI,Upper South Island,191.632,203.550,39.215,5.879,681,22.0,153,387,596,874,1496,94.37
01/11/2014,30/11/2014,USI,Upper South Island,165.078,175.345,32.878,5.271,586,19.5,139,334,510,743,1288,94.24
01/12/2014,31/12/2014,USI,Upper South Island,154.493,164.102,31.112,4.960,548,17.7,135,317,481,691,1168,88.55
01/01/2015,31/01/2015,USI,Upper South Island,140.648,149.395,27.152,4.501,498,16.1,130,294,442,629,1055,93.92
01/02/2015,28/02/2015,USI,Upper South Island,134.616,142.988,28.990,4.683,476,17.0,126,284,424,601,1007,94.15
01/03/2015,31/03/2015,USI,Upper South Island,151.114,160.513,32.566,4.826,534,17.2,137,320,481,682,1113,94.05
01/04/2015,30/04/2015,USI,Upper South Island,171.188,181.835,39.484,5.644,604,20.1,152,362,543,779,1263,94.19
01/05/2015,31/05/2015,USI,Upper South Island,213.157,226.414,45.351,6.431,751,24.2,168,435,669,979,1609,94.21
01/06/2015,30/06/2015,USI,Upper South Island,255.857,271.770,50.751,7.554,900,30.0,184,499,793,1187,1978,94.00
01/07/2015,31/07/2015,USI,Upper South Island,284.189,301.864,53.296,7.894,998,32.2,193,549,881,1323,2198,94.07
01/08/2015,31/08/2015,USI,Upper South Island,261.232,277.480,50.157,7.325,916,29.6,183,510,809,1206,2005,94.02
01/09/2015,30/09/2015,USI,Upper South Island,228.292,242.491,47.785,6.848,799,26.6,164,444,702,1045,1756,93.86
01/10/2015,31/10/2015,USI,Upper South Island,183.159,194.551,36.919,5.624,640,20.6,148,369,565,824,1384,93.83
01/11/2015,30/11/2015,USI,Upper South Island,161.170,171.194,31.551,5.119,562,18.7,129,323,495,721,1219,93.68
01/12/2015,31/12/2015,USI,Upper South Island,153.803,163.369,29.732,4.878,536,17.3,140,315,473,679,1136,93.09
01/01/2016,31/01/2016,USI,Upper South Island,143.806,152.750,32.395,4.709,501,16.2,136,299,446,632,1044,92.74
01/02/2016,29/02/2016,USI,Upper South Island,134.635,143.008,29.283,4.550,468,16.1,128,279,417,591,982,78.30
01/03/2016,31/03/2016,USI,Upper South Island,152.469,161.952,31.817,4.850,531,17.1,145,320,475,674,1100,94.10
01/04/2016,30/04/2016,USI,Upper South Island,166.447,176.800,38.806,5.546,579,19.3,154,345,517,740,1216,94.50
01/05/2016,31/05/2016,USI,Upper South Island,228.230,242.425,48.489,7.045,792,25.5,168,413,650,1006,1930,94.51
01/06/2016,30/06/2016,USI,Upper South Island,244.426,259.629,51.287,7.377,847,28.2,179,477,748,1109,1847,94.41
01/07/2016,31/07/2016,USI,Upper South Island,259.320,275.448,51.255,7.374,897,28.9,178,486,774,1160,1958,79.41
01/08/2016,31/08/2016,USI,Upper South Island,270.568,287.396,51.241,7.503,934,30.1,188,518,822,1227,2049,94.26
01/09/2016,30/09/2016,USI,Upper South Island,214.318,227.648,46.558,6.578,739,24.6,169,420,649,958,1603,94.13
01/10/2016,31/10/2016,USI,Upper South Island,186.996,198.626,42.341,5.928,644,20.8,156,374,569,827,1380,93.92
01/11/2016,30/11/2016,USI,Upper South Island,161.688,171.744,37.763,5.320,556,18.5,149,328,492,709,1177,93.89
01/12/2016,31/12/2016,USI,Upper South Island,155.234,164.889,32.852,5.048,532,17.2,146,317,473,676,1119,87.41
01/01/2017,31/01/2017,USI,Upper South Island,145.424,154.469,30.844,4.745,499,16.1,131,297,445,634,1054,94.93
01/02/2017,28/02/2017,USI,Upper South Island,135.352,143.770,28.961,4.686,463,16.5,128,277,412,586,978,94.75
01/03/2017,31/03/2017,USI,Upper South Island,156.221,165.937,34.862,4.994,533,17.2,142,320,478,684,1125,94.63
01/04/2017,30/04/2017,USI,Upper South Island,182.405,193.750,43.435,6.064,622,20.7,165,373,559,809,1359,94.67
01/05/2017,31/05/2017,USI,Upper South Island,230.265,244.587,46.217,6.767,784,25.3,186,453,697,1036,1793,94.72
01/06/2017,30/06/2017,USI,Upper South Island,262.964,279.319,51.808,7.758,895,29.8,197,506,799,1200,2055,94.49
01/07/2017,31/07/2017,USI,Upper South Island,282.729,300.314,52.438,7.829,961,31.0,194,536,859,1293,2204,94.60
01/08/2017,31/08/2017,USI,Upper South Island,258.029,274.078,50.717,7.323,876,28.3,190,499,783,1164,1978,94.51
01/09/2017,30/09/2017,USI,Upper South Island,213.560,226.843,46.301,6.548,724,24.1,174,423,648,952,1606,94.37
01/10/2017,31/10/2017,USI,Upper South Island,178.969,190.101,40.529,5.610,606,19.5,159,360,542,787,1331,94.13
01/11/2017,30/11/2017,USI,Upper South Island,153.816,163.382,30.106,4.891,520,17.3,145,309,462,669,1143,93.46
01/12/2017,31/12/2017,USI,Upper South Island,147.273,156.433,28.396,4.680,497,16.0,135,291,435,622,1052,90.64
01/01/2018,31/01/2018,USI,Upper South Island,141.208,149.991,31.050,4.545,477,15.4,116,282,423,601,994,89.14
01/02/2018,28/02/2018,USI,Upper South Island,139.637,148.321,35.099,4.963,471,16.8,130,278,413,589,992,92.40
01/03/2018,31/03/2018,USI,Upper South Island,154.095,163.680,37.272,5.038,519,16.7,144,312,463,659,1078,94.23
01/04/2018,30/04/2018,USI,Upper South Island,183.301,194.702,41.467,5.939,617,20.6,165,368,550,789,1291,92.70
01/05/2018,31/05/2018,USI,Upper South Island,226.963,241.079,46.289,6.695,763,24.6,182,443,677,990,1625,94.32
01/06/2018,30/06/2018,USI,Upper South Island,267.761,284.414,52.029,7.655,898,29.9,194,509,796,1178,1936,94.11
01/07/2018,31/07/2018,USI,Upper South Island,275.781,292.933,52.661,7.642,924,29.8,198,525,820,1208,1991,94.55
01/08/2018,31/08/2018,USI,Upper South Island,252.049,267.725,49.165,7.062,843,27.2,187,481,745,1101,1819,94.48
01/09/2018,30/09/2018,USI,Upper South Island,216.520,229.987,46.100,6.554,724,24.1,172,418,641,939,1554,93.21
01/10/2018,31/10/2018,USI,Upper South Island,188.139,199.840,38.909,5.768,628,20.3,163,369,557,806,1336,90.98
01/11/2018,30/11/2018,USI,Upper South Island,163.009,173.148,38.550,5.325,543,18.1,150,323,481,689,1142,94.60
01/12/2018,31/12/2018,USI,Upper South Island,157.127,166.900,39.017,5.230,523,16.9,148,310,462,660,1099,94.60
01/01/2019,31/01/2019,USI,Upper South Island,146.349,155.452,29.387,4.621,487,15.7,137,289,430,613,1020,95.10
01/02/2019,28/02/2019,USI,Upper South Island,134.081,142.420,28.663,4.552,445,15.9,128,264,391,558,936,94.98
01/03/2019,31/03/2019,USI,Upper South Island,154.115,163.700,33.072,4.868,511,16.5,145,306,454,645,1063,95.02
01/04/2019,30/04/2019,USI,Upper South Island,178.254,189.341,40.704,5.761,590,19.7,159,350,525,756,1244,94.40
01/05/2019,31/05/2019,USI,Upper South Island,220.324,234.028,46.030,6.633,728,23.5,181,424,645,942,1552,94.92
01/06/2019,30/06/2019,USI,Upper South Island,266.582,283.162,51.346,7.769,880,29.3,194,493,777,1154,1907,95.04
01/07/2019,31/07/2019,USI,Upper South Island,276.671,293.879,52.880,7.747,913,29.4,201,520,809,1194,1963,94.63
01/08/2019,31/08/2019,USI,Upper South Island,267.226,283.846,50.234,7.310,880,28.4,193,497,778,1150,1903,94.92
01/09/2019,30/09/2019,USI,Upper South Island,224.982,238.975,47.140,6.722,740,24.7,177,425,654,958,1591,94.80
01/10/2019,31/10/2019,USI,Upper South Island,196.331,208.542,42.339,5.931,645,20.8,167,377,569,827,1376,94.76
01/11/2019,30/11/2019,USI,Upper South Island,157.023,166.790,33.296,5.068,515,17.2,148,304,453,650,1088,94.64
01/12/2019,31/12/2019,USI,Upper South Island,153.234,162.765,30.414,4.860,502,16.2,143,294,440,631,1066,93.90
01/01/2020,31/01/2020,USI,Upper South Island,147.206,156.361,27.773,4.609,482,15.6,136,285,425,607,1018,83.06
01/02/2020,29/02/2020,USI,Upper South Island,140.411,149.144,29.151,4.643,460,15.9,135,273,404,576,967,84.00
01/03/2020,31/03/2020,USI,Upper South Island,169.087,179.603,35.390,5.448,561,18.1,155,334,498,712,1170,84.19
01/04/2020,30/04/2020,USI,Upper South Island,193.711,205.759,48.716,7.259,645,21.5,147,376,569,823,1365,83.34
01/05/2020,31/05/2020,USI,Upper South Island,231.320,245.708,47.658,7.004,768,24.8,189,451,682,987,1614,84.35
01/06/2020,30/06/2020,USI,Upper South Island,269.104,285.842,52.026,7.937,892,29.7,211,508,785,1154,1898,85.10
01/07/2020,31/07/2020,USI,Upper South Island,292.653,310.855,52.855,8.001,968,31.2,227,550,852,1255,2060,84.91
01/08/2020,31/08/2020,USI,Upper South Island,254.615,270.451,49.682,7.219,841,27.1,206,483,740,1087,1785,84.56
01/09/2020,30/09/2020,USI,Upper South Island,210.179,223.251,44.335,6.275,694,23.1,182,404,611,889,1467,84.69
01/10/2020,31/10/2020,USI,Upper South Island,187.148,198.788,35.945,5.641,617,19.9,174,364,544,784,1301,84.01
01/11/2020,30/11/2020,USI,Upper South Island,164.988,175.249,34.810,5.339,543,18.1,156,322,478,686,1143,84.46
01/12/2020,31/12/2020,USI,Upper South Island,158.128,167.963,32.397,5.059,519,16.7,155,307,455,653,1099,84.34
01/01/2021,31/01/2021,USI,Upper South Island,159.441,169.358,33.515,5.208,524,16.9,152,304,452,654,1154,89.31
01/02/2021,28/02/2021,USI,Upper South Island,145.121,154.147,31.027,5.029,476,17.0,135,273,408,595,1058,89.91
01/03/2021,31/03/2021,USI,Upper South Island,156.995,166.760,31.543,4.952,514,16.6,149,305,454,650,1086,87.03
01/04/2021,30/04/2021,USI,Upper South Island,174.139,184.970,37.405,5.655,568,18.9,167,340,504,722,1188,89.55
01/05/2021,31/05/2021,USI,Upper South Island,236.014,250.694,46.667,6.938,764,24.7,200,446,677,984,1616,88.97
01/06/2021,30/06/2021,USI,Upper South Island,265.038,281.523,51.368,7.776,856,28.5,209,492,757,1111,1817,88.78
01/07/2021,31/07/2021,USI,Upper South Island,291.106,309.211,52.734,7.906,938,30.3,228,539,831,1219,1988,88.53
01/08/2021,31/08/2021,USI,Upper South Island,279.276,296.645,53.654,7.941,898,29.0,211,517,797,1167,1903,88.56
01/09/2021,30/09/2021,USI,Upper South Island,229.756,244.046,47.305,6.971,738,24.6,185,429,653,954,1570,88.18
01/10/2021,31/10/2021,USI,Upper South Island,195.034,207.165,41.146,6.062,626,20.2,174,368,552,799,1322,88.13
01/11/2021,30/11/2021,USI,Upper South Island,167.522,177.941,33.483,5.419,537,17.9,153,314,470,679,1144,87.94
01/12/2021,31/12/2021,USI,Upper South Island,161.773,171.835,36.599,5.286,517,16.7,154,305,453,653,1096,87.81
01/01/2022,31/01/2022,USI,Upper South Island,154.784,164.411,31.847,4.968,495,16.0,150,293,432,620,1048,94.30
01/02/2022,28/02/2022,USI,Upper South Island,144.858,153.868,37.003,5.139,462,16.5,135,275,407,584,973,94.25
01/03/2022,31/03/2022,USI,Upper South Island,165.616,175.916,35.494,5.295,528,17.0,150,310,465,671,1117,94.21
01/04/2022,30/04/2022,USI,Upper South Island,177.899,188.963,39.655,5.917,566,18.9,164,335,500,722,1195,94.16
01/05/2022,31/05/2022,USI,Upper South Island,227.450,241.596,45.317,6.890,723,23.3,189,422,641,935,1538,94.08
01/06/2022,30/06/2022,USI,Upper South Island,273.989,291.030,52.043,8.025,870,29.0,208,498,772,1136,1866,94.02
01/07/2022,31/07/2022,USI,Upper South Island,309.540,328.792,53.845,8.502,981,31.6,223,556,872,1289,2109,93.90
01/08/2022,31/08/2022,USI,Upper South Island,272.925,289.900,49.885,7.590,863,27.8,202,495,766,1129,1854,93.79
01/09/2022,30/09/2022,USI,Upper South Island,226.610,240.705,45.823,6.770,716,23.9,177,413,633,930,1537,93.74
01/10/2022,31/10/2022,USI,Upper South Island,207.455,220.358,39.620,6.251,654,21.1,175,380,576,840,1398,93.70
01/11/2022,30/11/2022,USI,Upper South Island,159.396,169.309,33.243,5.233,502,16.7,142,292,439,634,1078,93.89
01/12/2022,31/12/2022,USI,Upper South Island,158.061,167.892,34.300,5.190,498,16.1,144,289,434,628,1066,93.93
01/01/2023,31/01/2023,USI,Upper South Island,154.239,163.832,31.862,5.011,486,15.7,154,286,422,607,1036,93.14
01/02/2023,28/02/2023,USI,Upper South Island,146.348,155.450,32.998,5.203,461,16.4,140,270,400,576,983,93.63
01/03/2023,31/03/2023,USI,Upper South Island,172.855,183.606,38.014,5.628,542,17.5,161,319,475,685,1149,93.31
01/04/2023,30/04/2023,USI,Upper South Island,187.612,199.280,42.515,6.263,588,19.6,169,345,517,750,1249,93.49
01/05/2023,31/05/2023,USI,Upper South Island,232.633,247.102,46.439,6.939,728,23.5,185,422,644,941,1555,93.90
01/06/2023,30/06/2023,USI,Upper South Island,267.844,284.503,51.579,7.821,833,27.8,194,473,735,1086,1795,93.67
01/07/2023,31/07/2023,USI,Upper South Island,300.673,319.373,53.641,8.344,933,30.1,209,525,825,1223,2020,93.62
01/08/2023,31/08/2023,USI,Upper South Island,290.709,308.790,50.890,7.733,900,29.0,199,505,795,1181,1956,93.54
01/09/2023,30/09/2023,USI,Upper South Island,220.507,234.222,43.301,6.708,682,22.7,171,392,602,883,1463,93.47
01/10/2023,31/10/2023,USI,Upper South Island,197.817,210.121,41.367,6.056,610,19.7,162,351,536,784,1314,93.31
01/11/2023,30/11/2023,USI,Upper South Island,172.404,183.127,36.457,5.590,531,17.7,145,306,464,675,1143,93.24
01/12/2023,31/12/2023,USI,Upper South Island,166.486,176.840,34.238,5.302,512,16.5,146,295,444,646,1101,93.14
01/01/2024,31/01/2024,USI,Upper South Island,160.981,170.994,31.732,5.058,495,16.0,154,288,428,618,1061,94.71
01/02/2024,29/02/2024,USI,Upper South Island,152.172,161.636,31.609,5.011,467,16.1,141,270,402,585,1007,94.83
01/03/2024,31/03/2024,USI,Upper South Island,179.762,190.943,35.925,5.626,551,17.8,161,318,479,697,1185,95.11
01/04/2024,30/04/2024,USI,Upper South Island,195.703,207.875,41.621,6.255,599,20.0,167,346,524,766,1283,95.12
01/05/2024,31/05/2024,USI,Upper South Island,275.899,293.059,49.801,7.721,842,27.2,198,470,738,1102,1839,95.12
01/06/2024,30/06/2024,USI,Upper South Island,280.511,297.957,53.250,8.326,855,28.5,197,481,754,1121,1852,95.08
